id,index,period,timestamp,minute,second,type,possession,possession_team,play_pattern,team,player,position,location,duration,under_pressure,related_events,50_50,match_id,possession_team_id,team_id,player_id,counterpress,out
b2589fee-d2f3-4d6c-844d-bb9de9f01080,1934,2,00:03:05.373,48,5,50/50,75,Argentina,From Goal Kick,Colombia,Carlos Eccehomo Cuesta Figueroa,Left Center Back,"[15.8, 62.1]",0.0,True,"['83d4b835-f73b-49dd-bf1c-c7e073daa8ac', 'a6c6fb13-8b3f-483c-b323-31c1579717b0']","{'outcome': {'id': 1, 'name': 'Lost'}}",3943077,779,769,28567,,
a6c6fb13-8b3f-483c-b323-31c1579717b0,1935,2,00:03:05.373,48,5,50/50,75,Argentina,From Goal Kick,Argentina,Alexis Mac Allister,Left Defensive Midfield,"[104.3, 18.0]",1.170683,True,['b2589fee-d2f3-4d6c-844d-bb9de9f01080'],"{'outcome': {'id': 4, 'name': 'Won'}}",3943077,779,779,27886,,
e2f74a73-7728-4e0f-a9ea-714df29f8ae0,2057,2,00:07:23.220,52,23,50/50,84,Argentina,From Keeper,Argentina,Enzo Fernandez,Right Defensive Midfield,"[66.5, 32.7]",0.122115,True,['3aa78370-498b-4358-b5f2-54814de364a4'],"{'outcome': {'id': 2, 'name': 'Success To Opposition'}}",3943077,779,779,38718,,
3aa78370-498b-4358-b5f2-54814de364a4,2058,2,00:07:23.220,52,23,50/50,84,Argentina,From Keeper,Colombia,Luis Fernando Díaz Marulanda,Left Center Forward,"[53.0, 50.9]",0.0,True,['e2f74a73-7728-4e0f-a9ea-714df29f8ae0'],"{'outcome': {'id': 1, 'name': 'Lost'}}",3943077,779,769,27158,,
59c34555-dc07-486a-95e8-ea13299438b0,2328,2,00:17:20.707,62,20,50/50,96,Argentina,From Goal Kick,Colombia,Jefferson Andrés Lerma Solís,Center Defensive Midfield,"[77.4, 7.6]",0.0,True,"['cd3651e1-1140-42a6-be70-7f93c986a73f', 'd1b9035c-c135-4510-a0b9-ca25458eca19']","{'outcome': {'id': 1, 'name': 'Lost'}}",3943077,779,769,5678,,
cd3651e1-1140-42a6-be70-7f93c986a73f,2329,2,00:17:20.707,62,20,50/50,96,Argentina,From Goal Kick,Argentina,Rodrigo Javier De Paul,Right Midfield,"[42.7, 72.5]",0.0,True,['59c34555-dc07-486a-95e8-ea13299438b0'],"{'outcome': {'id': 4, 'name': 'Won'}}",3943077,779,779,7797,,
990d2b54-f5e3-4d3b-9484-8b73848a5118,672,1,00:19:53.179,19,53,50/50,41,Canada,From Throw In,Uruguay,Rodrigo Bentancur Colmán,Right Center Midfield,"[50.7, 71.3]",0.0,True,['816578b2-b8b2-4b95-9bdc-135df06af2ba'],"{'outcome': {'id': 1, 'name': 'Lost'}}",3943076,1833,783,5260,,
816578b2-b8b2-4b95-9bdc-135df06af2ba,673,1,00:19:53.179,19,53,50/50,41,Canada,From Throw In,Canada,Ismael Koné,Right Defensive Midfield,"[69.4, 8.8]",0.0,True,['990d2b54-f5e3-4d3b-9484-8b73848a5118'],"{'outcome': {'id': 3, 'name': 'Success To Team'}}",3943076,1833,1833,133229,,
cbe2be99-7afc-4b5f-9147-158100aeb4dd,869,1,00:28:38.303,28,38,50/50,50,Uruguay,From Throw In,Uruguay,Matías Nicolás Viña Susperreguy,Left Back,"[52.9, 7.2]",0.908934,True,"['5fe06715-426e-4656-af82-533248e5bc29', 'a2a61403-de40-4856-bbc7-3d393c22934c']","{'outcome': {'id': 1, 'name': 'Lost'}}",3943076,783,783,34476,,
a2a61403-de40-4856-bbc7-3d393c22934c,870,1,00:28:38.303,28,38,50/50,51,Canada,Regular Play,Canada,Alistair Johnston,Right Back,"[67.2, 72.9]",0.0,True,['cbe2be99-7afc-4b5f-9147-158100aeb4dd'],"{'outcome': {'id': 4, 'name': 'Won'}}",3943076,1833,1833,44703,True,
271544d2-94a7-4580-961a-07b036a7efc0,2089,2,00:19:38.791,64,38,50/50,133,Uruguay,Regular Play,Canada,Jacob Shaffelburg,Left Wing,"[71.3, 1.2]",0.0,True,['fea83de9-6a64-4fdc-b26a-f2cac8def838'],"{'outcome': {'id': 2, 'name': 'Success To Opposition'}}",3943076,783,1833,26152,,True
fea83de9-6a64-4fdc-b26a-f2cac8def838,2090,2,00:19:38.791,64,38,50/50,133,Uruguay,Regular Play,Uruguay,Cristian Gonzalo Olivera Ibarra,Left Wing,"[48.8, 78.9]",0.0,True,['271544d2-94a7-4580-961a-07b036a7efc0'],"{'outcome': {'id': 1, 'name': 'Lost'}}",3943076,783,783,36706,,
c2eb39cf-2a4d-4f54-aec5-c6053c311c6c,183,1,00:04:14.782,4,14,50/50,11,Colombia,From Throw In,Colombia,Davinson Sánchez Mina,Right Center Back,"[95.5, 61.6]",0.0,True,['853bdcbd-0c56-418e-8ce9-eb2d5dea384c'],"{'outcome': {'id': 2, 'name': 'Success To Opposition'}}",3942852,769,769,3494,True,
853bdcbd-0c56-418e-8ce9-eb2d5dea384c,184,1,00:04:14.782,4,14,50/50,11,Colombia,From Throw In,Uruguay,Mathías Olivera Miramontes,Left Back,"[24.6, 18.5]",0.0,True,['c2eb39cf-2a4d-4f54-aec5-c6053c311c6c'],"{'outcome': {'id': 1, 'name': 'Lost'}}",3942852,769,783,7104,,
2a3cd955-16a8-4cad-992b-b674d73b1cc6,2245,2,00:32:18.068,77,18,50/50,141,Uruguay,Regular Play,Colombia,Luis Fernando Díaz Marulanda,Center Forward,"[39.8, 43.1]",0.0,True,"['14e287b7-cb31-46dc-8248-1eee6e3c5a5e', 'fc668fc9-3d3d-4612-866b-009b5dd18d41']","{'outcome': {'id': 1, 'name': 'Lost'}}",3942852,783,769,27158,,
14e287b7-cb31-46dc-8248-1eee6e3c5a5e,2246,2,00:32:18.068,77,18,50/50,141,Uruguay,Regular Play,Uruguay,Sebastián Enzo Cáceres Ramos,Right Center Back,"[80.3, 37.0]",0.0,True,['2a3cd955-16a8-4cad-992b-b674d73b1cc6'],"{'outcome': {'id': 4, 'name': 'Won'}}",3942852,783,783,35690,True,
0d45aeda-5080-41cf-bfcb-68fc9aa26db2,175,1,00:02:56.719,2,56,50/50,8,Canada,Regular Play,Canada,Richie Laryea,Right Midfield,"[107.5, 58.7]",0.0,True,['ecf788e0-c035-4c68-a104-f108d9e8c5e7'],"{'outcome': {'id': 1, 'name': 'Lost'}}",3942785,1833,1833,16120,,
ecf788e0-c035-4c68-a104-f108d9e8c5e7,176,1,00:02:56.719,2,56,50/50,8,Canada,Regular Play,Argentina,Alexis Mac Allister,Left Midfield,"[12.6, 21.4]",0.0,True,['0d45aeda-5080-41cf-bfcb-68fc9aa26db2'],"{'outcome': {'id': 2, 'name': 'Success To Opposition'}}",3942785,1833,779,27886,,True
ac0abeb5-408c-4b8b-a33d-13af98d53569,2002,2,00:02:15.845,47,15,50/50,91,Canada,Regular Play,Canada,Ismael Koné,Right Defensive Midfield,"[69.2, 12.6]",0.0,True,['06194e14-3faa-42f9-98e0-50ae8ace3756'],"{'outcome': {'id': 2, 'name': 'Success To Opposition'}}",3942785,1833,1833,133229,,
06194e14-3faa-42f9-98e0-50ae8ace3756,2003,2,00:02:15.845,47,15,50/50,91,Canada,Regular Play,Argentina,Rodrigo Javier De Paul,Right Defensive Midfield,"[50.9, 67.5]",0.0,True,['ac0abeb5-408c-4b8b-a33d-13af98d53569'],"{'outcome': {'id': 1, 'name': 'Lost'}}",3942785,1833,779,7797,,
cb975d16-6cd6-4dfc-9c5d-828aae594fe8,2570,2,00:20:13.094,65,13,50/50,116,Canada,From Keeper,Canada,Alphonso Davies,Left Back,"[98.7, 20.5]",0.0,True,['2dc15fae-f612-4caf-b8f7-c57fafe88573'],"{'outcome': {'id': 1, 'name': 'Lost'}}",3942785,1833,1833,12365,,
2dc15fae-f612-4caf-b8f7-c57fafe88573,2571,2,00:20:13.094,65,13,50/50,116,Canada,From Keeper,Argentina,Rodrigo Javier De Paul,Right Defensive Midfield,"[21.4, 59.6]",0.0,True,['cb975d16-6cd6-4dfc-9c5d-828aae594fe8'],"{'outcome': {'id': 3, 'name': 'Success To Team'}}",3942785,1833,779,7797,,
a69b2075-4be9-4f93-899e-3e0c36645b66,2796,2,00:29:55.846,74,55,50/50,126,Canada,Regular Play,Argentina,Alexis Mac Allister,Left Midfield,"[10.4, 20.6]",0.0,True,['df909836-1a37-42ec-8e61-d12b83cae809'],"{'outcome': {'id': 1, 'name': 'Lost'}}",3942785,1833,779,27886,,
df909836-1a37-42ec-8e61-d12b83cae809,2797,2,00:29:55.846,74,55,50/50,126,Canada,Regular Play,Canada,Tanitoluwa Oluwaseyi,Right Center Forward,"[109.7, 59.5]",1.148555,True,['a69b2075-4be9-4f93-899e-3e0c36645b66'],"{'outcome': {'id': 3, 'name': 'Success To Team'}}",3942785,1833,1833,224603,True,
4ff45fe2-9494-43c4-a7ce-aa909565d0e0,3073,2,00:37:39.760,82,39,50/50,134,Canada,Regular Play,Argentina,Exequiel Alejandro Palacios,Left Defensive Midfield,"[69.5, 18.5]",0.0,True,"['17bcab45-9640-4871-a7c8-19881dd8d10e', '2537ccfb-394e-4a7a-84ff-d81771fdb81c']","{'outcome': {'id': 1, 'name': 'Lost'}}",3942785,1833,779,28268,,
2537ccfb-394e-4a7a-84ff-d81771fdb81c,3074,2,00:37:39.760,82,39,50/50,134,Canada,Regular Play,Canada,Cyle Larin,Left Center Forward,"[50.6, 61.6]",0.0,True,['4ff45fe2-9494-43c4-a7ce-aa909565d0e0'],"{'outcome': {'id': 4, 'name': 'Won'}}",3942785,1833,1833,16459,,
8f2af2bf-6cb0-4028-ac9f-63e8fe1d5103,119,1,00:01:32.836,1,32,50/50,3,Panama,Regular Play,Colombia,Davinson Sánchez Mina,Right Center Back,"[63.7, 61.4]",0.0,True,['bd5f45ee-c3a4-444b-835a-a586b7ab72e3'],"{'outcome': {'id': 2, 'name': 'Success To Opposition'}}",3942416,798,769,3494,,
bd5f45ee-c3a4-444b-835a-a586b7ab72e3,120,1,00:01:32.836,1,32,50/50,3,Panama,Regular Play,Panama,Christian Jesús Martinez,Right Defensive Midfield,"[56.4, 18.7]",0.0,True,['8f2af2bf-6cb0-4028-ac9f-63e8fe1d5103'],"{'outcome': {'id': 1, 'name': 'Lost'}}",3942416,798,798,16637,,
3bd9d4d7-7f20-4a9b-94a1-965ade8f5df0,1386,2,00:00:44.558,45,44,50/50,86,Panama,From Kick Off,Colombia,Richard Rios Montoya,Right Center Midfield,"[69.0, 58.4]",0.0,True,"['3b9f67a1-a392-464a-bc42-cb57ba226903', '9e0833a1-7733-4438-ba9a-6ca645715220']","{'outcome': {'id': 1, 'name': 'Lost'}}",3942416,798,769,49395,,
9e0833a1-7733-4438-ba9a-6ca645715220,1387,2,00:00:44.558,45,44,50/50,86,Panama,From Kick Off,Panama,Erick Javier Davis Grajales,Left Wing Back,"[51.1, 21.7]",0.0,True,['3bd9d4d7-7f20-4a9b-94a1-965ade8f5df0'],"{'outcome': {'id': 4, 'name': 'Won'}}",3942416,798,798,5634,True,
d870c906-4e1a-499d-8c63-96d0c046b310,1900,2,00:12:05.307,57,5,50/50,106,Colombia,Regular Play,Colombia,Daniel Muñoz Mejía,Right Back,"[98.1, 60.5]",0.33056,True,['46c963b0-ef84-460b-8b1e-2e9372dcd771'],"{'outcome': {'id': 1, 'name': 'Lost'}}",3942416,769,769,27423,,
46c963b0-ef84-460b-8b1e-2e9372dcd771,1901,2,00:12:05.307,57,5,50/50,106,Colombia,Regular Play,Panama,Erick Javier Davis Grajales,Left Wing Back,"[22.0, 19.6]",0.0,True,['d870c906-4e1a-499d-8c63-96d0c046b310'],"{'outcome': {'id': 2, 'name': 'Success To Opposition'}}",3942416,769,798,5634,,
4afffc8f-7d9d-486e-89b3-1971f3d9e42b,189,1,00:06:16.075,6,16,50/50,16,Uruguay,Regular Play,Brazil,Lucas Tolentino Coelho de Lima,Center Attacking Midfield,"[64.4, 71.3]",0.0,True,"['5ac29e4a-8ce6-4825-a98b-d25e56973ced', 'bb4e4fe4-7770-4f7e-9c4c-48d361b1e504']","{'outcome': {'id': 1, 'name': 'Lost'}}",3942415,783,781,22600,True,
5ac29e4a-8ce6-4825-a98b-d25e56973ced,190,1,00:06:16.075,6,16,50/50,16,Uruguay,Regular Play,Uruguay,Manuel Ugarte Ribeiro,Center Defensive Midfield,"[55.7, 8.8]",0.0,True,['4afffc8f-7d9d-486e-89b3-1971f3d9e42b'],"{'outcome': {'id': 4, 'name': 'Won'}}",3942415,783,783,36659,True,
2ac76b9c-2725-42d4-8758-e25656fc7eba,1043,1,00:41:36.205,41,36,50/50,74,Uruguay,Regular Play,Brazil,Guilherme Antonio Arana Lopes,Left Back,"[71.2, 6.2]",0.0,True,['4903e3a1-9b2b-4f51-885e-7a8d58199fa5'],"{'outcome': {'id': 1, 'name': 'Lost'}}",3942415,783,781,6919,True,
4903e3a1-9b2b-4f51-885e-7a8d58199fa5,1044,1,00:41:36.205,41,36,50/50,74,Uruguay,Regular Play,Uruguay,José María Giménez de Vargas,Right Center Back,"[48.9, 73.9]",0.0,True,['2ac76b9c-2725-42d4-8758-e25656fc7eba'],"{'outcome': {'id': 3, 'name': 'Success To Team'}}",3942415,783,783,5259,,
f17dd4a7-c77e-4624-9464-bbe82e1d5cdd,1606,2,00:08:33.499,53,33,50/50,103,Uruguay,Regular Play,Brazil,João Victor Gomes da Silva,Left Defensive Midfield,"[30.9, 48.0]",0.40623,True,"['d94ee755-123f-459c-9fda-eea81656af70', 'daf044db-fd85-457e-8d1b-f6d8de2f3a59']","{'outcome': {'id': 1, 'name': 'Lost'}}",3942415,783,781,48720,True,
daf044db-fd85-457e-8d1b-f6d8de2f3a59,1607,2,00:08:33.499,53,33,50/50,103,Uruguay,Regular Play,Uruguay,Diego Nicolás De La Cruz Arcosa,Left Center Midfield,"[89.2, 32.1]",0.0,True,['f17dd4a7-c77e-4624-9464-bbe82e1d5cdd'],"{'outcome': {'id': 4, 'name': 'Won'}}",3942415,783,783,28729,,
053eb8c2-bc31-4439-9c25-2191cc571262,1715,2,00:11:20.750,56,20,50/50,111,Brazil,From Throw In,Uruguay,Federico Santiago Valverde Dipetta,Right Center Midfield,"[36.8, 68.3]",0.0,True,['b10d7679-ab8b-44f6-905a-e2e87a7b581e'],"{'outcome': {'id': 2, 'name': 'Success To Opposition'}}",3942415,781,783,6773,,
b10d7679-ab8b-44f6-905a-e2e87a7b581e,1716,2,00:11:20.750,56,20,50/50,111,Brazil,From Throw In,Brazil,João Victor Gomes da Silva,Left Defensive Midfield,"[83.3, 11.8]",0.0,True,['053eb8c2-bc31-4439-9c25-2191cc571262'],"{'outcome': {'id': 1, 'name': 'Lost'}}",3942415,781,781,48720,True,
0368ec01-3d7c-4460-956a-b8af8fc774ca,1185,1,00:33:35.397,33,35,50/50,53,Peru,From Throw In,Peru,Sergio Fernando Peña Flores,Right Center Midfield,"[65.7, 66.9]",0.0,True,"['7bdb0f95-a76e-4593-b68c-9fc1fcb133a6', 'd149978c-06e3-4142-b08a-3edaec679e4a']","{'outcome': {'id': 1, 'name': 'Lost'}}",3939986,784,784,10836,,
d149978c-06e3-4142-b08a-3edaec679e4a,1186,1,00:33:35.397,33,35,50/50,53,Peru,From Throw In,Argentina,Alejandro Garnacho Ferreyra,Left Wing,"[54.4, 13.2]",0.0,True,['0368ec01-3d7c-4460-956a-b8af8fc774ca'],"{'outcome': {'id': 4, 'name': 'Won'}}",3939986,784,779,52129,,
8ff3f1ce-d6ba-4e05-973d-8ca5199eb82c,120,1,00:02:26.858,2,26,50/50,7,Venezuela,From Goal Kick,Canada,Jonathan Osorio,Right Defensive Midfield,"[63.8, 41.5]",0.0,True,['5efc665e-520d-4f15-acc9-5cf91c3ccb26'],"{'outcome': {'id': 1, 'name': 'Lost'}}",3942229,3563,1833,12770,,
5efc665e-520d-4f15-acc9-5cf91c3ccb26,121,1,00:02:26.858,2,26,50/50,7,Venezuela,From Goal Kick,Venezuela,Yangel Clemente Herrera Ravelo,Left Center Midfield,"[56.3, 38.6]",0.0,True,['8ff3f1ce-d6ba-4e05-973d-8ca5199eb82c'],"{'outcome': {'id': 3, 'name': 'Success To Team'}}",3942229,3563,3563,16249,,
17cbb58f-f364-4c00-9b41-79c9c002dca4,1224,1,00:36:49.087,36,49,50/50,77,Venezuela,From Throw In,Canada,Moise Bombito,Right Center Back,"[25.2, 72.7]",0.0,True,['28b929e9-4955-4232-a1f8-2a15cb126e84'],"{'outcome': {'id': 1, 'name': 'Lost'}}",3942229,3563,1833,383250,,
28b929e9-4955-4232-a1f8-2a15cb126e84,1225,1,00:36:49.087,36,49,50/50,77,Venezuela,From Throw In,Venezuela,Yangel Clemente Herrera Ravelo,Left Center Midfield,"[94.9, 7.4]",0.0,True,['17cbb58f-f364-4c00-9b41-79c9c002dca4'],"{'outcome': {'id': 3, 'name': 'Success To Team'}}",3942229,3563,3563,16249,,
bf568ff0-6339-425b-99c5-10c4f7d41ff5,2415,2,00:23:33.634,68,33,50/50,149,Canada,Regular Play,Venezuela,Nahuel Adolfo Ferraresi Hernández,Right Center Back,"[27.2, 65.1]",0.0,True,"['0246e932-757f-461e-929d-15a883d700d5', '1020b2e3-5300-4f8e-8560-15499ff00681']","{'outcome': {'id': 1, 'name': 'Lost'}}",3942229,1833,3563,49587,,
0246e932-757f-461e-929d-15a883d700d5,2416,2,00:23:33.634,68,33,50/50,149,Canada,Regular Play,Canada,Liam Millar,Left Wing,"[92.9, 15.0]",0.0,True,['bf568ff0-6339-425b-99c5-10c4f7d41ff5'],"{'outcome': {'id': 4, 'name': 'Won'}}",3942229,1833,1833,23363,,
ace00988-467b-4ec9-ae7c-db35780cf0ed,2979,2,00:45:21.871,90,21,50/50,190,Venezuela,From Throw In,Canada,Tanitoluwa Oluwaseyi,Center Forward,"[80.5, 27.4]",0.0,True,['8350b818-2641-4623-9434-beb54c3b5bd0'],"{'outcome': {'id': 1, 'name': 'Lost'}}",3942229,3563,1833,224603,,
8350b818-2641-4623-9434-beb54c3b5bd0,2980,2,00:45:21.871,90,21,50/50,190,Venezuela,From Throw In,Venezuela,Nahuel Adolfo Ferraresi Hernández,Right Center Back,"[39.6, 52.7]",0.0,True,['ace00988-467b-4ec9-ae7c-db35780cf0ed'],"{'outcome': {'id': 3, 'name': 'Success To Team'}}",3942229,3563,3563,49587,,
2385c2e1-572e-412a-8c7b-ce4b9c6199eb,3051,2,00:47:31.325,92,31,50/50,192,Canada,Regular Play,Canada,Ismael Koné,Right Defensive Midfield,"[91.8, 59.1]",0.463307,True,['903235bc-0a74-4d8b-a982-944d45675715'],"{'outcome': {'id': 1, 'name': 'Lost'}}",3942229,1833,1833,133229,,
903235bc-0a74-4d8b-a982-944d45675715,3052,2,00:47:31.325,92,31,50/50,192,Canada,Regular Play,Venezuela,Yangel Clemente Herrera Ravelo,Left Defensive Midfield,"[28.3, 21.0]",0.0,True,['2385c2e1-572e-412a-8c7b-ce4b9c6199eb'],"{'outcome': {'id': 3, 'name': 'Success To Team'}}",3942229,1833,3563,16249,,
2672dae0-b408-4245-affa-525da86570c8,443,1,00:10:24.895,10,24,50/50,22,Ecuador,Regular Play,Ecuador,Piero Martín Hincapié Reyna,Left Back,"[115.7, 9.4]",0.0,True,['1d2ddb6b-5e30-418b-911f-cb73ae49c3fa'],"{'outcome': {'id': 1, 'name': 'Lost'}}",3942228,3565,3565,38004,,
1d2ddb6b-5e30-418b-911f-cb73ae49c3fa,444,1,00:10:24.895,10,24,50/50,22,Ecuador,Regular Play,Argentina,Lisandro Martínez,Left Center Back,"[4.4, 70.7]",0.0,True,['2672dae0-b408-4245-affa-525da86570c8'],"{'outcome': {'id': 2, 'name': 'Success To Opposition'}}",3942228,3565,779,27768,,True
d550d33d-5853-4b33-851e-1a039bd365f1,1429,1,00:40:12.099,40,12,50/50,73,Argentina,Regular Play,Ecuador,Moisés Isaac Caicedo Corozo,Center Attacking Midfield,"[51.5, 75.2]",0.0,True,['328561f6-385c-4093-bc99-88ea3b61bd49'],"{'outcome': {'id': 1, 'name': 'Lost'}}",3942228,779,3565,37726,True,
328561f6-385c-4093-bc99-88ea3b61bd49,1430,1,00:40:12.099,40,12,50/50,73,Argentina,Regular Play,Argentina,Enzo Fernandez,Left Defensive Midfield,"[68.6, 4.9]",0.0,True,['d550d33d-5853-4b33-851e-1a039bd365f1'],"{'outcome': {'id': 3, 'name': 'Success To Team'}}",3942228,779,779,38718,True,
a2991ce8-d01d-42c1-b46d-5eabf1d12b6d,101,1,00:05:05.830,5,5,50/50,10,Canada,From Free Kick,Canada,Cyle Larin,Center Forward,"[116.6, 66.2]",0.0,True,"['35099ec2-b8ab-4338-b81f-9d0959f68252', 'b74df757-9075-4c60-8f9b-09c80b4c4ebf']","{'outcome': {'id': 1, 'name': 'Lost'}}",3939985,1833,1833,16459,,
b74df757-9075-4c60-8f9b-09c80b4c4ebf,102,1,00:05:05.830,5,5,50/50,11,Chile,Regular Play,Chile,Gabriel Alonso Suazo Urbina,Left Back,"[3.5, 13.9]",0.0,True,['a2991ce8-d01d-42c1-b46d-5eabf1d12b6d'],"{'outcome': {'id': 4, 'name': 'Won'}}",3939985,3562,3562,36212,,
9f74ce47-4313-4efc-9eb3-3db1913f9621,430,1,00:14:11.003,14,11,50/50,26,Chile,From Throw In,Chile,Darío Esteban Osorio Osorio,Right Wing,"[78.6, 59.3]",0.0,True,['f6d8cc19-fda6-4c97-b18b-70b09202544a'],"{'outcome': {'id': 1, 'name': 'Lost'}}",3939985,3562,3562,204925,,
f6d8cc19-fda6-4c97-b18b-70b09202544a,431,1,00:14:11.003,14,11,50/50,26,Chile,From Throw In,Canada,Derek Cornelius,Left Center Back,"[41.5, 20.8]",0.0,True,['9f74ce47-4313-4efc-9eb3-3db1913f9621'],"{'outcome': {'id': 2, 'name': 'Success To Opposition'}}",3939985,3562,1833,23760,,
f4939db9-a467-4e09-a9e3-7ecf18a9c373,697,1,00:23:05.673,23,5,50/50,39,Canada,From Free Kick,Canada,Alphonso Davies,Left Back,"[76.9, 7.2]",0.0,True,['615fdc7a-1381-4dd0-b3c5-fea0b53d147a'],"{'outcome': {'id': 1, 'name': 'Lost'}}",3939985,1833,1833,12365,,
615fdc7a-1381-4dd0-b3c5-fea0b53d147a,698,1,00:23:05.673,23,5,50/50,39,Canada,From Free Kick,Chile,Rodrigo Eduardo Echeverría Sáez,Left Defensive Midfield,"[43.2, 72.9]",0.0,True,['f4939db9-a467-4e09-a9e3-7ecf18a9c373'],"{'outcome': {'id': 3, 'name': 'Success To Team'}}",3939985,1833,3562,35738,,
734e6297-22c0-45ec-91c8-31a2fd486628,1812,2,00:12:36.277,57,36,50/50,100,Chile,From Throw In,Chile,Marcos Nikolas Bolados Hidalgo,Left Midfield,"[100.0, 4.1]",0.0,True,['6c9b37af-18d1-44a4-8682-4f684a9baade'],"{'outcome': {'id': 1, 'name': 'Lost'}}",3939985,3562,3562,35939,True,
90e2f48f-4437-4bd8-a326-073255ebf5a4,2381,2,00:31:48.763,76,48,50/50,136,Canada,From Goal Kick,Chile,Marcos Nikolas Bolados Hidalgo,Right Midfield,"[44.3, 32.4]",0.0,True,"['5725b220-4bc5-41e4-b1e1-698bbcc4b617', '9b7ebabb-78cf-42d3-a1a2-2534f71e2c0a']","{'outcome': {'id': 1, 'name': 'Lost'}}",3939985,1833,3562,35939,,
5725b220-4bc5-41e4-b1e1-698bbcc4b617,2382,2,00:31:48.763,76,48,50/50,136,Canada,From Goal Kick,Canada,Stephen Antunes Eustáquio,Left Defensive Midfield,"[75.8, 47.7]",0.0,True,['90e2f48f-4437-4bd8-a326-073255ebf5a4'],"{'outcome': {'id': 4, 'name': 'Won'}}",3939985,1833,1833,11187,,
c71d4d53-0f8a-4431-a0f7-cf9083db05fb,2435,2,00:33:20.773,78,20,50/50,139,Chile,From Throw In,Chile,Alexis Alejandro Sánchez Sánchez,Center Forward,"[98.7, 74.5]",0.0,True,['594be7c5-1135-4c74-a0a7-0bdd3d175484'],"{'outcome': {'id': 1, 'name': 'Lost'}}",3939985,3562,3562,3385,,
594be7c5-1135-4c74-a0a7-0bdd3d175484,2436,2,00:33:20.773,78,20,50/50,139,Chile,From Throw In,Canada,Jonathan Osorio,Right Defensive Midfield,"[21.4, 5.6]",0.0,True,['c71d4d53-0f8a-4431-a0f7-cf9083db05fb'],"{'outcome': {'id': 3, 'name': 'Success To Team'}}",3939985,3562,1833,12770,,
cc5fb990-0c44-4685-b6ed-a7143fd85b79,132,1,00:02:46.220,2,46,50/50,8,Colombia,Regular Play,Colombia,Jhon Andrés Córdoba Copete,Right Center Forward,"[98.1, 23.7]",0.0,True,['d8b9933f-1798-423a-8005-f387c81f94f9'],"{'outcome': {'id': 1, 'name': 'Lost'}}",3939984,769,769,8817,,
d8b9933f-1798-423a-8005-f387c81f94f9,133,1,00:02:46.220,2,46,50/50,8,Colombia,Regular Play,Costa Rica,Jeyland Yahir Mitchell Baltodano,Right Center Back,"[22.0, 56.4]",0.0,True,['cc5fb990-0c44-4685-b6ed-a7143fd85b79'],"{'outcome': {'id': 3, 'name': 'Success To Team'}}",3939984,769,795,143385,,
7b7baf05-2b36-4589-892b-5c018f936a52,742,1,00:24:05.252,24,5,50/50,42,Costa Rica,From Goal Kick,Costa Rica,Warren Steven Madrigal Molina,Left Attacking Midfield,"[76.0, 25.3]",0.0,True,['084d380b-9e2f-4ff2-80da-74902dbbf588'],"{'outcome': {'id': 1, 'name': 'Lost'}}",3939984,795,795,154895,True,
084d380b-9e2f-4ff2-80da-74902dbbf588,743,1,00:24:05.252,24,5,50/50,42,Costa Rica,From Goal Kick,Colombia,Richard Rios Montoya,Right Center Midfield,"[44.1, 54.8]",0.0,True,['7b7baf05-2b36-4589-892b-5c018f936a52'],"{'outcome': {'id': 2, 'name': 'Success To Opposition'}}",3939984,795,769,49395,,
fc7cbef2-8660-4381-b9c2-3a1abaefc713,1578,2,00:06:23.944,51,23,50/50,98,Costa Rica,From Throw In,Costa Rica,Juan Pablo Vargas Campos,Center Back,"[66.7, 22.8]",0.0,True,['cc27ac94-5cfd-456e-8ab7-ea6e674c7a20'],"{'outcome': {'id': 1, 'name': 'Lost'}}",3939984,795,795,27163,,
cc27ac94-5cfd-456e-8ab7-ea6e674c7a20,1579,2,00:06:23.944,51,23,50/50,98,Costa Rica,From Throw In,Colombia,Jhon Andrés Córdoba Copete,Right Center Forward,"[53.4, 57.3]",0.0,True,['fc7cbef2-8660-4381-b9c2-3a1abaefc713'],"{'outcome': {'id': 3, 'name': 'Success To Team'}}",3939984,795,769,8817,,
c41f525c-0185-4bd0-8bed-fb15444b4e8c,1626,2,00:08:25.599,53,25,50/50,103,Costa Rica,From Goal Kick,Colombia,Jefferson Andrés Lerma Solís,Center Defensive Midfield,"[32.7, 57.0]",0.0,True,['16b14f71-7fe3-4a4f-9853-2926bfc9dea0'],"{'outcome': {'id': 1, 'name': 'Lost'}}",3939984,795,769,5678,,
16b14f71-7fe3-4a4f-9853-2926bfc9dea0,1627,2,00:08:25.599,53,25,50/50,103,Costa Rica,From Goal Kick,Costa Rica,Warren Steven Madrigal Molina,Center Forward,"[87.4, 23.1]",0.0,True,['c41f525c-0185-4bd0-8bed-fb15444b4e8c'],"{'outcome': {'id': 3, 'name': 'Success To Team'}}",3939984,795,795,154895,True,
3dc2c4dc-ffb4-4b3b-86e0-7d74ae7dee35,2246,2,00:24:49.571,69,49,50/50,133,Colombia,From Throw In,Costa Rica,Jefferson Brenes Rojas,Right Defensive Midfield,"[56.5, 57.4]",0.407835,True,['1fd035d0-2bac-4d2e-b26b-549dcaba4e9b'],"{'outcome': {'id': 1, 'name': 'Lost'}}",3939984,769,795,130193,,
1fd035d0-2bac-4d2e-b26b-549dcaba4e9b,2247,2,00:24:49.571,69,49,50/50,133,Colombia,From Throw In,Colombia,Luis Fernando Díaz Marulanda,Left Center Forward,"[63.6, 22.7]",0.0,True,['3dc2c4dc-ffb4-4b3b-86e0-7d74ae7dee35'],"{'outcome': {'id': 3, 'name': 'Success To Team'}}",3939984,769,769,27158,,
de547c4e-9f32-410b-9834-a792accdb1e2,2824,2,00:38:35.480,83,35,50/50,160,Costa Rica,Regular Play,Colombia,Jhon Adolfo Arias Andrade,Left Center Midfield,"[86.9, 35.3]",0.0,True,['e7d4f34b-fb11-41c9-ae7b-7e759f956656'],"{'outcome': {'id': 1, 'name': 'Lost'}}",3939984,795,769,27277,,
e7d4f34b-fb11-41c9-ae7b-7e759f956656,2825,2,00:38:35.480,83,35,50/50,160,Costa Rica,Regular Play,Costa Rica,Jeyland Yahir Mitchell Baltodano,Right Center Back,"[33.2, 44.8]",0.0,True,['de547c4e-9f32-410b-9834-a792accdb1e2'],"{'outcome': {'id': 3, 'name': 'Success To Team'}}",3939984,795,795,143385,True,
bce00025-4b1e-4b6f-ba6e-5e17f0418a97,2994,2,00:41:32.350,86,32,50/50,163,Costa Rica,From Free Kick,Costa Rica,Joel Nathaniel Campbell Samuels,Right Attacking Midfield,"[72.3, 75.6]",0.0,True,['a60cc35d-18a2-467a-9305-b33cfcc04ce8'],"{'outcome': {'id': 1, 'name': 'Lost'}}",3939984,795,795,5581,,
a60cc35d-18a2-467a-9305-b33cfcc04ce8,2995,2,00:41:32.350,86,32,50/50,163,Costa Rica,From Free Kick,Colombia,Jhon Adolfo Arias Andrade,Left Center Midfield,"[47.8, 4.5]",0.0,True,['bce00025-4b1e-4b6f-ba6e-5e17f0418a97'],"{'outcome': {'id': 3, 'name': 'Success To Team'}}",3939984,795,769,27277,,
ece31f5a-1030-4aba-9754-54525a6e91b7,3013,2,00:41:44.266,86,44,50/50,164,Colombia,Regular Play,Costa Rica,Joel Nathaniel Campbell Samuels,Right Attacking Midfield,"[71.8, 68.7]",0.0,True,['96312240-d324-4314-9477-04379f048e7a'],"{'outcome': {'id': 2, 'name': 'Success To Opposition'}}",3939984,769,795,5581,,
96312240-d324-4314-9477-04379f048e7a,3014,2,00:41:44.266,86,44,50/50,164,Colombia,Regular Play,Colombia,Jhon Jáder Durán Palacio,Right Center Forward,"[48.3, 11.4]",0.0,True,['ece31f5a-1030-4aba-9754-54525a6e91b7'],"{'outcome': {'id': 1, 'name': 'Lost'}}",3939984,769,769,30976,,
256b4855-72ab-47fa-828c-10bb23203404,1259,1,00:46:47.557,46,47,50/50,63,United States,From Free Kick,Panama,Christian Jesús Martinez,Right Defensive Midfield,"[60.1, 62.8]",0.0,True,['064d541c-6eba-4775-881c-817f7f262e4d'],"{'outcome': {'id': 1, 'name': 'Lost'}}",3939981,1839,798,16637,,
064d541c-6eba-4775-881c-817f7f262e4d,1260,1,00:46:47.557,46,47,50/50,63,United States,From Free Kick,United States,Chris Richards,Right Center Back,"[60.0, 17.3]",0.0,True,['256b4855-72ab-47fa-828c-10bb23203404'],"{'outcome': {'id': 3, 'name': 'Success To Team'}}",3939981,1839,1839,41266,True,
4fb23292-58d9-49e4-a0b3-c5980700e0c0,1491,2,00:03:46.899,48,46,50/50,74,United States,Regular Play,Panama,César Rodolfo Blackman Camarena,Right Wing,"[95.6, 60.5]",0.0,True,['ecf1044f-8d29-4cab-9fc4-c3e78de95f50'],"{'outcome': {'id': 1, 'name': 'Lost'}}",3939981,1839,798,44305,True,
4d3e3305-e653-4890-b308-6b264a6470b3,2536,2,00:37:08.987,82,8,50/50,125,Panama,Regular Play,Panama,Adalberto Eliécer Carrasquilla Alcázar,Left Defensive Midfield,"[91.3, 46.6]",0.0,True,['ee53f248-5875-4548-8680-cd4a9529855d'],"{'outcome': {'id': 1, 'name': 'Lost'}}",3939981,798,798,47345,,
ee53f248-5875-4548-8680-cd4a9529855d,2537,2,00:37:08.987,82,8,50/50,125,Panama,Regular Play,United States,Weston McKennie,Right Center Midfield,"[28.8, 33.5]",0.0,True,['4d3e3305-e653-4890-b308-6b264a6470b3'],"{'outcome': {'id': 2, 'name': 'Success To Opposition'}}",3939981,798,1839,8526,,
dc124300-1cdb-431e-8e6a-b3de93a0c12e,2772,2,00:41:05.871,86,5,50/50,142,Paraguay,From Corner,Costa Rica,Orlando Moisés Galo Calderón,Center Defensive Midfield,"[56.5, 48.1]",0.188716,True,['90deb5d9-641c-496e-8c31-205612887e98'],"{'outcome': {'id': 1, 'name': 'Lost'}}",3939992,3567,795,132516,,
90deb5d9-641c-496e-8c31-205612887e98,2773,2,00:41:05.871,86,5,50/50,142,Paraguay,From Corner,Paraguay,Hernesto Ezequiel Caballero Benítez,Center Defensive Midfield,"[63.6, 32.0]",0.0,True,['dc124300-1cdb-431e-8e6a-b3de93a0c12e'],"{'outcome': {'id': 3, 'name': 'Success To Team'}}",3939992,3567,3567,47186,True,
34948c9a-1351-4860-ba82-a2cc5ab5358f,2847,2,00:44:36.350,89,36,50/50,150,Costa Rica,Regular Play,Costa Rica,Álvaro José Zamora Mata,Right Center Forward,"[87.0, 23.2]",0.0,True,['5c3e951f-8c4b-4599-99a8-a855829e70e0'],"{'outcome': {'id': 1, 'name': 'Lost'}}",3939992,795,795,184468,,
5c3e951f-8c4b-4599-99a8-a855829e70e0,2848,2,00:44:36.350,89,36,50/50,150,Costa Rica,Regular Play,Paraguay,Iván Rodrigo Ramírez Segovia,Right Back,"[33.1, 56.9]",0.0,True,['34948c9a-1351-4860-ba82-a2cc5ab5358f'],"{'outcome': {'id': 3, 'name': 'Success To Team'}}",3939992,795,3567,47149,,
6391742c-161f-4104-9f25-8f1fb7b715ae,33,1,00:01:19.467,1,19,50/50,3,Colombia,From Throw In,Colombia,Richard Rios Montoya,Right Center Midfield,"[68.9, 25.7]",0.0,True,"['0d53f560-28fe-41df-87e5-208f03be3746', 'c249a499-df90-427f-bd13-f168a61bd604']","{'outcome': {'id': 2, 'name': 'Success To Opposition'}}",3939991,769,769,49395,,
0d53f560-28fe-41df-87e5-208f03be3746,34,1,00:01:19.467,1,19,50/50,3,Colombia,From Throw In,Brazil,Bruno Guimarães Rodriguez Moura,Left Defensive Midfield,"[51.2, 54.4]",0.0,True,['6391742c-161f-4104-9f25-8f1fb7b715ae'],"{'outcome': {'id': 1, 'name': 'Lost'}}",3939991,769,781,25142,,
3cc38a13-6d00-4f12-9d67-40f58ba623a8,755,1,00:28:24.340,28,24,50/50,45,Colombia,From Throw In,Brazil,Bruno Guimarães Rodriguez Moura,Left Defensive Midfield,"[12.5, 17.4]",0.0,True,['e156f1dc-26dc-4c12-9189-13545979c6e9'],"{'outcome': {'id': 1, 'name': 'Lost'}}",3939991,769,781,25142,,
e156f1dc-26dc-4c12-9189-13545979c6e9,756,1,00:28:24.340,28,24,50/50,45,Colombia,From Throw In,Colombia,Daniel Muñoz Mejía,Right Back,"[107.6, 62.7]",0.0,True,['3cc38a13-6d00-4f12-9d67-40f58ba623a8'],"{'outcome': {'id': 2, 'name': 'Success To Opposition'}}",3939991,769,769,27423,,
ddc222f1-49e8-4b9c-9e96-0073d366fb0d,1249,1,00:40:44.008,40,44,50/50,70,Colombia,Regular Play,Colombia,Luis Fernando Díaz Marulanda,Left Center Forward,"[69.5, 63.9]",0.0,True,"['1836ff91-9958-4695-b751-b50bfadef478', '85b09d5f-123d-447f-a9bf-38687433bec1']","{'outcome': {'id': 1, 'name': 'Lost'}}",3939991,769,769,27158,,
85b09d5f-123d-447f-a9bf-38687433bec1,1250,1,00:40:44.008,40,44,50/50,71,Brazil,Regular Play,Brazil,Vinícius José Paixão de Oliveira Júnior,Left Wing,"[50.6, 16.2]",0.0,True,['ddc222f1-49e8-4b9c-9e96-0073d366fb0d'],"{'outcome': {'id': 4, 'name': 'Won'}}",3939991,781,781,18395,True,
5089b30f-2f01-4907-ad12-c16e7034ce8f,1326,1,00:44:33.795,44,33,50/50,73,Brazil,From Corner,Brazil,Bruno Guimarães Rodriguez Moura,Left Defensive Midfield,"[74.8, 18.4]",0.0,True,['07bbf7af-8d05-463d-87e9-8df016e951b3'],"{'outcome': {'id': 1, 'name': 'Lost'}}",3939991,781,781,25142,,
07bbf7af-8d05-463d-87e9-8df016e951b3,1327,1,00:44:33.795,44,33,50/50,73,Brazil,From Corner,Colombia,Luis Fernando Díaz Marulanda,Left Center Forward,"[45.3, 61.7]",0.0,True,['5089b30f-2f01-4907-ad12-c16e7034ce8f'],"{'outcome': {'id': 2, 'name': 'Success To Opposition'}}",3939991,781,769,27158,,
09b2b2c0-2d46-4ff6-809e-01cc9726b904,2150,2,00:19:11.405,64,11,50/50,116,Brazil,From Corner,Brazil,Danilo Luiz da Silva,Right Back,"[98.4, 60.4]",0.0,True,['fd615d90-fde2-484b-a473-b14058370920'],"{'outcome': {'id': 1, 'name': 'Lost'}}",3939991,781,781,3063,True,
fd615d90-fde2-484b-a473-b14058370920,2151,2,00:19:11.405,64,11,50/50,116,Brazil,From Corner,Colombia,Luis Fernando Díaz Marulanda,Left Center Forward,"[21.7, 19.7]",0.0,True,['09b2b2c0-2d46-4ff6-809e-01cc9726b904'],"{'outcome': {'id': 3, 'name': 'Success To Team'}}",3939991,781,769,27158,,
8eada241-3a60-4121-af01-5efb169413e8,2475,2,00:29:03.838,74,3,50/50,130,Brazil,From Keeper,Brazil,Wendell Nascimento Borges,Left Back,"[39.4, 10.2]",0.0,True,"['9a73bfb4-b850-43c6-b575-d8d2e9954ffa', 'd6d21e8a-37aa-486c-89dd-53fbe0be2a82']","{'outcome': {'id': 1, 'name': 'Lost'}}",3939991,781,781,8212,,
9a73bfb4-b850-43c6-b575-d8d2e9954ffa,2476,2,00:29:03.838,74,3,50/50,131,Colombia,Regular Play,Colombia,James David Rodríguez Rubio,Center Attacking Midfield,"[80.7, 69.9]",0.0,True,['8eada241-3a60-4121-af01-5efb169413e8'],"{'outcome': {'id': 4, 'name': 'Won'}}",3939991,769,769,5695,True,
62f69a42-9b8c-4f2c-8f46-f7abd19432fd,2902,2,00:40:21.037,85,21,50/50,148,Colombia,Regular Play,Brazil,Danilo Luiz da Silva,Right Back,"[75.6, 77.9]",0.0,True,['52d5ea45-5a07-440b-a19f-f8cb4910e8d5'],"{'outcome': {'id': 1, 'name': 'Lost'}}",3939991,769,781,3063,,
52d5ea45-5a07-440b-a19f-f8cb4910e8d5,2903,2,00:40:21.037,85,21,50/50,148,Colombia,Regular Play,Colombia,Luis Fernando Díaz Marulanda,Left Wing,"[44.5, 2.2]",0.0,True,['62f69a42-9b8c-4f2c-8f46-f7abd19432fd'],"{'outcome': {'id': 2, 'name': 'Success To Opposition'}}",3939991,769,769,27158,,True
3348e100-a71d-4ac0-9890-7a8b71439d25,1334,2,00:00:54.918,45,54,50/50,96,Uruguay,Regular Play,United States,Antonee Robinson,Left Back,"[93.0, 17.4]",0.0,True,['b7e5d88a-777c-4546-b251-f9399d23d763'],"{'outcome': {'id': 1, 'name': 'Lost'}}",3939990,783,1839,4614,,
b7e5d88a-777c-4546-b251-f9399d23d763,1335,2,00:00:54.918,45,54,50/50,96,Uruguay,Regular Play,Uruguay,Manuel Ugarte Ribeiro,Left Defensive Midfield,"[27.1, 62.7]",0.0,True,['3348e100-a71d-4ac0-9890-7a8b71439d25'],"{'outcome': {'id': 3, 'name': 'Success To Team'}}",3939990,783,783,36659,,
062c7336-3716-4ba5-9af1-fca73486de32,1533,2,00:07:18.705,52,18,50/50,108,United States,From Goal Kick,Uruguay,Nahitan Michel Nández Acosta,Right Back,"[9.6, 68.7]",0.0,True,"['0f0b1bc6-11c9-411c-b2d2-5514561a153c', 'ff1f6598-0ccc-44c0-a87f-e79fb8f439e2']","{'outcome': {'id': 1, 'name': 'Lost'}}",3939990,1839,783,5247,,
0f0b1bc6-11c9-411c-b2d2-5514561a153c,1534,2,00:07:18.705,52,18,50/50,108,United States,From Goal Kick,United States,Antonee Robinson,Left Back,"[110.5, 11.4]",0.0,True,['062c7336-3716-4ba5-9af1-fca73486de32'],"{'outcome': {'id': 4, 'name': 'Won'}}",3939990,1839,1839,4614,,
30b63ae3-2a0e-464c-9fe0-a0fb3b8f5007,2525,2,00:49:10.891,94,10,50/50,176,United States,From Throw In,Uruguay,Ronald Federico Araújo da Silva,Right Center Back,"[41.8, 68.3]",0.0,True,"['d8033760-b86c-43d3-8728-b0257a748140', 'df2758dd-912d-4ecb-ba9e-1182d2591722']","{'outcome': {'id': 1, 'name': 'Lost'}}",3939990,1839,783,32480,,
d8033760-b86c-43d3-8728-b0257a748140,2526,2,00:49:10.891,94,10,50/50,176,United States,From Throw In,United States,Malik Tillman,Left Center Midfield,"[78.3, 11.8]",0.0,True,['30b63ae3-2a0e-464c-9fe0-a0fb3b8f5007'],"{'outcome': {'id': 4, 'name': 'Won'}}",3939990,1839,1839,39259,True,
3a82e16d-0eb8-44ee-9e97-b2696f13cd62,2392,2,00:22:38.182,67,38,50/50,108,Bolivia,Regular Play,Bolivia,Leonel Justiniano Arauz,Right Defensive Midfield,"[78.9, 39.9]",0.0,True,['d26bc003-3e33-4692-b4a0-0488b138eda7'],"{'outcome': {'id': 2, 'name': 'Success To Opposition'}}",3939989,3564,3564,47131,,
d26bc003-3e33-4692-b4a0-0488b138eda7,2393,2,00:22:38.182,67,38,50/50,108,Bolivia,Regular Play,Panama,Christian Jesús Martinez,Right Defensive Midfield,"[41.2, 40.2]",0.0,True,['3a82e16d-0eb8-44ee-9e97-b2696f13cd62'],"{'outcome': {'id': 1, 'name': 'Lost'}}",3939989,3564,798,16637,,
57da473a-8b83-486d-b9a8-2d67429e4706,2579,2,00:29:02.766,74,2,50/50,114,Panama,Regular Play,Bolivia,Carmelo Algarañaz Añez,Left Wing,"[88.2, 22.6]",0.0,True,['386526db-abc7-4aad-b01a-7d18ff91dd19'],"{'outcome': {'id': 1, 'name': 'Lost'}}",3939989,798,3564,113717,True,
386526db-abc7-4aad-b01a-7d18ff91dd19,2580,2,00:29:02.766,74,2,50/50,114,Panama,Regular Play,Panama,José Ángel Córdoba Chambers,Left Center Back,"[31.9, 57.5]",1.377876,True,['57da473a-8b83-486d-b9a8-2d67429e4706'],"{'outcome': {'id': 3, 'name': 'Success To Team'}}",3939989,798,798,223971,,
aa4f5bef-53b6-4b28-8681-ba70441caafc,409,1,00:12:25.352,12,25,50/50,30,Ecuador,From Throw In,Ecuador,Jeremy Leonel Sarmiento Morante,Left Midfield,"[100.5, 38.0]",0.0,True,"['081df392-663a-4d6a-b5dc-311a3a3a9d3a', '72e85b26-16d7-454e-b047-2fdf910c3ef2']","{'outcome': {'id': 1, 'name': 'Lost'}}",3939988,3565,3565,40211,,
72e85b26-16d7-454e-b047-2fdf910c3ef2,410,1,00:12:25.352,12,25,50/50,30,Ecuador,From Throw In,Mexico,Luis Francisco Romo Barrón,Center Defensive Midfield,"[19.6, 42.1]",0.0,True,['aa4f5bef-53b6-4b28-8681-ba70441caafc'],"{'outcome': {'id': 4, 'name': 'Won'}}",3939988,3565,794,26386,,
84267277-076e-4741-98f3-806f83cd15de,657,1,00:21:04.484,21,4,50/50,46,Ecuador,From Goal Kick,Mexico,Orbelín Pineda Alvarado,Right Center Midfield,"[90.2, 57.5]",0.0,True,"['45b6fb54-218f-4c7a-b63c-410bec3b07fe', 'fd279a6d-0b95-4338-954a-226f97af4206']","{'outcome': {'id': 1, 'name': 'Lost'}}",3939988,3565,794,26280,,
fd279a6d-0b95-4338-954a-226f97af4206,658,1,00:21:04.484,21,4,50/50,46,Ecuador,From Goal Kick,Ecuador,Moisés Isaac Caicedo Corozo,Left Defensive Midfield,"[29.9, 22.6]",0.0,True,['84267277-076e-4741-98f3-806f83cd15de'],"{'outcome': {'id': 4, 'name': 'Won'}}",3939988,3565,3565,37726,,
1628a2bf-660d-433a-95c3-5f2fd6494939,1193,1,00:36:24.817,36,24,50/50,77,Ecuador,From Free Kick,Ecuador,Enner Remberto Valencia Lastra,Left Center Forward,"[85.5, 16.2]",0.0,True,"['26c42a20-93bd-491e-9428-b991fdddff06', 'b2385a6a-0596-4633-9877-f943a288e209']","{'outcome': {'id': 1, 'name': 'Lost'}}",3939988,3565,3565,28559,,
b2385a6a-0596-4633-9877-f943a288e209,1194,1,00:36:24.817,36,24,50/50,78,Mexico,Regular Play,Mexico,Jorge Eduardo Sánchez Ramos,Right Back,"[34.6, 63.9]",0.0,True,['1628a2bf-660d-433a-95c3-5f2fd6494939'],"{'outcome': {'id': 4, 'name': 'Won'}}",3939988,794,794,26406,,
d8900e5f-573b-4120-846c-6ad660671fac,1940,2,00:13:43.660,58,43,50/50,118,Ecuador,From Goal Kick,Ecuador,Piero Martín Hincapié Reyna,Left Back,"[9.5, 6.2]",0.0,True,"['4c943a7d-5223-493f-b907-d38797cbf024', 'c2241181-b0af-414c-a0c3-1e92bee01aae']","{'outcome': {'id': 1, 'name': 'Lost'}}",3939988,3565,3565,38004,,
4c943a7d-5223-493f-b907-d38797cbf024,1941,2,00:13:43.660,58,43,50/50,119,Mexico,Regular Play,Mexico,César Saúl Huerta Valera,Right Midfield,"[110.6, 73.9]",0.0,True,['d8900e5f-573b-4120-846c-6ad660671fac'],"{'outcome': {'id': 4, 'name': 'Won'}}",3939988,794,794,27889,True,
f6a43d16-27aa-43ff-83f9-600d399c55df,2518,2,00:36:11.044,81,11,50/50,146,Ecuador,From Throw In,Mexico,Gerardo Daniel Arteaga Zamora,Left Back,"[29.3, 21.6]",0.0,True,"['04f3caa9-01cf-4d46-893e-8683133da488', 'bc434310-cf84-45b1-93b7-1dfbaeea1205']","{'outcome': {'id': 1, 'name': 'Lost'}}",3939988,3565,794,27896,,
04f3caa9-01cf-4d46-893e-8683133da488,2519,2,00:36:11.044,81,11,50/50,146,Ecuador,From Throw In,Ecuador,Ángel Israel Mena Delgado,Right Wing,"[90.8, 58.5]",0.0,True,['f6a43d16-27aa-43ff-83f9-600d399c55df'],"{'outcome': {'id': 4, 'name': 'Won'}}",3939988,3565,3565,28511,,
e4734a77-6dc8-4a09-be7c-ed0e32898c9d,2832,2,00:49:32.870,94,32,50/50,166,Ecuador,From Free Kick,Mexico,Johan Felipe Vásquez Ibarra,Left Center Back,"[17.6, 49.4]",0.0,True,"['dcdea51b-64c2-49f7-a3ad-70d5e5ce3a10', 'e3e0788f-80b7-4b0e-9497-8e088997df9a']","{'outcome': {'id': 1, 'name': 'Lost'}}",3939988,3565,794,26336,,
e3e0788f-80b7-4b0e-9497-8e088997df9a,2833,2,00:49:32.870,94,32,50/50,166,Ecuador,From Free Kick,Ecuador,Alan Steve Minda García,Left Wing,"[102.5, 30.7]",0.0,True,['e4734a77-6dc8-4a09-be7c-ed0e32898c9d'],"{'outcome': {'id': 4, 'name': 'Won'}}",3939988,3565,3565,123625,True,
e8cf626d-1fa9-4307-9df1-0d84e4a975f9,710,1,00:20:31.665,20,31,50/50,37,Jamaica,From Throw In,Venezuela,José Andrés Martínez Torres,Center Defensive Midfield,"[21.9, 55.0]",0.0,True,"['4fd1f3ec-d3c1-4fb2-87c7-10d42aaaa4b2', 'adf1af5b-1276-4563-9f07-c84cc8483588']","{'outcome': {'id': 1, 'name': 'Lost'}}",3939987,2305,3563,36917,,
4fd1f3ec-d3c1-4fb2-87c7-10d42aaaa4b2,711,1,00:20:31.665,20,31,50/50,37,Jamaica,From Throw In,Jamaica,Demarai Gray,Left Attacking Midfield,"[98.2, 25.1]",0.0,True,['e8cf626d-1fa9-4307-9df1-0d84e4a975f9'],"{'outcome': {'id': 4, 'name': 'Won'}}",3939987,2305,2305,3312,,
d4ad39ef-99ef-41d2-b1df-9d570857b855,2361,2,00:27:18.944,72,18,50/50,134,Jamaica,Regular Play,Jamaica,Karoy Anderson,Right Defensive Midfield,"[38.6, 51.8]",0.0,True,['2744e47c-682a-4169-9ab1-909efd60af9b'],"{'outcome': {'id': 2, 'name': 'Success To Opposition'}}",3939987,2305,2305,206048,,
2744e47c-682a-4169-9ab1-909efd60af9b,2362,2,00:27:18.944,72,18,50/50,134,Jamaica,Regular Play,Venezuela,José Salomón Rondón Giménez,Center Forward,"[81.5, 28.3]",0.0,True,['d4ad39ef-99ef-41d2-b1df-9d570857b855'],"{'outcome': {'id': 1, 'name': 'Lost'}}",3939987,2305,3563,4041,,
28bd4c93-91ee-4973-b7a5-6ae906bb2866,1832,1,00:42:09.176,42,9,50/50,78,Brazil,Regular Play,Brazil,Rodrygo Silva de Goes,Right Center Forward,"[103.4, 42.0]",0.0,True,"['02a12ba9-1ebe-4b88-8e5f-effb3e6ff75c', '1aa96044-b84f-445f-8d49-e5768d8fad11']","{'outcome': {'id': 1, 'name': 'Lost'}}",3939983,781,781,25104,,
02a12ba9-1ebe-4b88-8e5f-effb3e6ff75c,1833,1,00:42:09.176,42,9,50/50,78,Brazil,Regular Play,Paraguay,Mathías Adalberto Villasanti Rolón,Left Defensive Midfield,"[16.7, 38.1]",0.0,True,['28bd4c93-91ee-4973-b7a5-6ae906bb2866'],"{'outcome': {'id': 4, 'name': 'Won'}}",3939983,781,3567,87429,,
0cde60a7-1862-4a13-9091-1df3a5ba2476,1882,1,00:44:37.540,44,37,50/50,79,Paraguay,From Kick Off,Paraguay,Miguel Ángel Almirón Rejala,Left Wing,"[91.4, 33.8]",0.0,True,['417f37a9-73ea-40e4-ad61-4eed24206e28'],"{'outcome': {'id': 1, 'name': 'Lost'}}",3939983,3567,3567,12603,,
417f37a9-73ea-40e4-ad61-4eed24206e28,1883,1,00:44:37.540,44,37,50/50,79,Paraguay,From Kick Off,Brazil,Lucas Tolentino Coelho de Lima,Left Midfield,"[28.7, 46.3]",0.0,True,['0cde60a7-1862-4a13-9091-1df3a5ba2476'],"{'outcome': {'id': 2, 'name': 'Success To Opposition'}}",3939983,3567,781,22600,,
e66e8f31-29e6-46a8-ba9f-b79bf06e412b,2166,2,00:06:08.145,51,8,50/50,95,Paraguay,From Corner,Brazil,Vinícius José Paixão de Oliveira Júnior,Left Center Forward,"[72.6, 10.3]",5.018289,True,"['2b921fd1-f335-4472-98ba-bcf32bae935a', 'b463ce7c-a050-46d5-a047-d466dc1c3ad3']","{'outcome': {'id': 1, 'name': 'Lost'}}",3939983,3567,781,18395,,
2b921fd1-f335-4472-98ba-bcf32bae935a,2167,2,00:06:08.145,51,8,50/50,95,Paraguay,From Corner,Paraguay,Damián Josué Bobadilla Benítez,Right Wing,"[47.5, 69.8]",0.0,True,['e66e8f31-29e6-46a8-ba9f-b79bf06e412b'],"{'outcome': {'id': 4, 'name': 'Won'}}",3939983,3567,3567,87449,True,
b1f4e6eb-c48b-4d2b-bd56-29212d647fde,2826,2,00:29:01.754,74,1,50/50,123,Brazil,Regular Play,Paraguay,Miguel Ángel Almirón Rejala,Left Wing,"[15.7, 24.6]",0.0,True,['42eeac19-e646-4fdc-a457-9585df11ae03'],"{'outcome': {'id': 2, 'name': 'Success To Opposition'}}",3939983,781,3567,12603,,
42eeac19-e646-4fdc-a457-9585df11ae03,2827,2,00:29:01.754,74,1,50/50,123,Brazil,Regular Play,Brazil,Raphael Dias Belloli,Right Midfield,"[104.4, 55.5]",0.0,True,['b1f4e6eb-c48b-4d2b-bd56-29212d647fde'],"{'outcome': {'id': 1, 'name': 'Lost'}}",3939983,781,781,10595,,
98d85be1-51d8-4934-abd3-457b82bb2d4a,156,1,00:05:08.735,5,8,50/50,12,Uruguay,From Throw In,Uruguay,Matías Nicolás Viña Susperreguy,Left Back,"[87.5, 10.0]",0.0,True,"['5ef449a4-0e10-4cbc-a8b1-e1ac5ab30528', 'b24cd9fa-0c96-45b3-bad1-76ebc4c470d1']","{'outcome': {'id': 1, 'name': 'Lost'}}",3939982,783,783,34476,,
5ef449a4-0e10-4cbc-a8b1-e1ac5ab30528,157,1,00:05:08.735,5,8,50/50,12,Uruguay,From Throw In,Bolivia,Yomar Rene Rocha Rodriguez,Right Wing Back,"[32.6, 70.1]",0.0,True,['98d85be1-51d8-4934-abd3-457b82bb2d4a'],"{'outcome': {'id': 4, 'name': 'Won'}}",3939982,783,3564,367353,,
0f40b9ea-db8f-409d-8028-337f187ca55e,160,1,00:05:11.303,5,11,50/50,12,Uruguay,From Throw In,Bolivia,Yomar Rene Rocha Rodriguez,Right Wing Back,"[26.4, 66.7]",0.0,True,"['5c0c769f-0fca-41fb-b7e5-e315a238c560', 'caa4fdb4-a89d-4577-b8da-5d22d7e14165']","{'outcome': {'id': 1, 'name': 'Lost'}}",3939982,783,3564,367353,,
caa4fdb4-a89d-4577-b8da-5d22d7e14165,161,1,00:05:11.303,5,11,50/50,12,Uruguay,From Throw In,Uruguay,Matías Nicolás Viña Susperreguy,Left Back,"[93.7, 13.4]",0.0,True,['0f40b9ea-db8f-409d-8028-337f187ca55e'],"{'outcome': {'id': 4, 'name': 'Won'}}",3939982,783,783,34476,True,
3c9c9f54-7967-43bc-bc90-eaa205dbd774,1009,1,00:26:50.282,26,50,50/50,47,Bolivia,Regular Play,Bolivia,Miguel Ángel Terceros,Left Wing,"[34.0, 77.6]",0.0,True,['3948ece7-dee7-40f2-aec4-5e8523f3465b'],"{'outcome': {'id': 1, 'name': 'Lost'}}",3939982,3564,3564,336796,,
3948ece7-dee7-40f2-aec4-5e8523f3465b,1010,1,00:26:50.282,26,50,50/50,47,Bolivia,Regular Play,Uruguay,Darwin Gabriel Núñez Ribeiro,Center Forward,"[86.1, 2.5]",0.0,True,['3c9c9f54-7967-43bc-bc90-eaa205dbd774'],"{'outcome': {'id': 2, 'name': 'Success To Opposition'}}",3939982,3564,783,32478,,True
4ce15556-b823-48d3-a69c-36c7f78830a8,2714,2,00:29:56.704,74,56,50/50,126,Uruguay,Regular Play,Bolivia,Jaume Cuéllar Mendoza,Right Wing,"[31.1, 53.4]",0.0,True,"['0dc9bed4-93b1-45cb-9f6c-c813e591dff8', '2636d55d-3112-4541-ab13-639ba07bf174']","{'outcome': {'id': 1, 'name': 'Lost'}}",3939982,783,3564,40037,,
0dc9bed4-93b1-45cb-9f6c-c813e591dff8,2715,2,00:29:56.704,74,56,50/50,126,Uruguay,Regular Play,Uruguay,Darwin Gabriel Núñez Ribeiro,Center Forward,"[89.0, 26.7]",0.0,True,['4ce15556-b823-48d3-a69c-36c7f78830a8'],"{'outcome': {'id': 4, 'name': 'Won'}}",3939982,783,783,32478,True,
79fb7e89-b05d-412a-9f1e-4c2a8f9ef013,3025,2,00:39:02.932,84,2,50/50,146,Uruguay,Regular Play,Bolivia,Lucas Leónidas Chávez Cruz,Left Center Forward,"[41.8, 12.5]",0.0,True,"['82848cf7-c0f3-47f9-8cc8-cebd0cc2df69', '9b86da8f-4f91-437f-b400-d1fb809de538']","{'outcome': {'id': 1, 'name': 'Lost'}}",3939982,783,3564,113734,,
9b86da8f-4f91-437f-b400-d1fb809de538,3026,2,00:39:02.932,84,2,50/50,146,Uruguay,Regular Play,Uruguay,Luis Alberto Suárez Díaz,Center Forward,"[78.3, 67.6]",0.0,True,['79fb7e89-b05d-412a-9f1e-4c2a8f9ef013'],"{'outcome': {'id': 4, 'name': 'Won'}}",3939982,783,783,5246,,
f8b05c42-37f2-4c4f-a2f5-62a1f16a0540,1057,1,00:40:00.976,40,0,50/50,76,Ecuador,From Free Kick,Jamaica,Gregory Leigh,Left Back,"[34.3, 2.5]",1.424035,True,['34282cd4-3a78-49f3-990f-6c4c8438cd23'],"{'outcome': {'id': 1, 'name': 'Lost'}}",3939980,3565,2305,3159,,
34282cd4-3a78-49f3-990f-6c4c8438cd23,1058,1,00:40:00.976,40,0,50/50,76,Ecuador,From Free Kick,Ecuador,John Yeboah Zamora,Right Wing,"[86.4, 77.9]",0.334846,True,['f8b05c42-37f2-4c4f-a2f5-62a1f16a0540'],"{'outcome': {'id': 3, 'name': 'Success To Team'}}",3939980,3565,3565,21131,,
a8d75246-d775-4af9-b0e9-854ec6162aa9,1654,2,00:12:33.284,57,33,50/50,103,Jamaica,From Keeper,Ecuador,Moisés Isaac Caicedo Corozo,Left Defensive Midfield,"[76.3, 31.3]",0.0,True,"['79f288c3-ed07-4643-96bd-68da08c189f2', 'c1b58921-76d0-4a9b-95a1-bb45998c1e13']","{'outcome': {'id': 1, 'name': 'Lost'}}",3939980,2305,3565,37726,,
79f288c3-ed07-4643-96bd-68da08c189f2,1655,2,00:12:33.284,57,33,50/50,103,Jamaica,From Keeper,Jamaica,Bobby Armani De Cordova-Reid,Right Defensive Midfield,"[43.8, 48.8]",0.0,True,['a8d75246-d775-4af9-b0e9-854ec6162aa9'],"{'outcome': {'id': 4, 'name': 'Won'}}",3939980,2305,2305,9923,,
dd5296dc-83fd-4355-bb5e-4857546a98ab,2421,2,00:44:12.789,89,12,50/50,147,Jamaica,From Throw In,Ecuador,Piero Martín Hincapié Reyna,Left Back,"[80.8, 11.0]",0.0,True,"['3c3f4b1b-ce8e-459a-8ff8-c34d45d9e50b', '4368ad0b-01c2-4da2-a28e-0ebf05751335']","{'outcome': {'id': 1, 'name': 'Lost'}}",3939980,2305,3565,38004,,
3c3f4b1b-ce8e-459a-8ff8-c34d45d9e50b,2422,2,00:44:12.789,89,12,50/50,147,Jamaica,From Throw In,Jamaica,Karoy Anderson,Left Defensive Midfield,"[39.3, 69.1]",0.0,True,"['65a26366-4d37-4a5a-b571-a014189de133', 'dd5296dc-83fd-4355-bb5e-4857546a98ab']","{'outcome': {'id': 4, 'name': 'Won'}}",3939980,2305,2305,206048,,
e7982d3e-41a0-44f4-9581-5ce8ceca4b14,583,1,00:12:42.516,12,42,50/50,31,Venezuela,From Throw In,Venezuela,Jefferson David Savarino Quintero,Center Attacking Midfield,"[85.8, 61.0]",0.0,True,"['4965ed3d-60f0-47dd-8346-94cfd0d5deb6', '7cb6b441-3bf4-4f2b-9073-851b18beb050']","{'outcome': {'id': 1, 'name': 'Lost'}}",3939979,3563,3563,13025,,
4965ed3d-60f0-47dd-8346-94cfd0d5deb6,584,1,00:12:42.516,12,42,50/50,31,Venezuela,From Throw In,Mexico,Luis Francisco Romo Barrón,Center Defensive Midfield,"[34.3, 19.1]",0.0,True,['e7982d3e-41a0-44f4-9581-5ce8ceca4b14'],"{'outcome': {'id': 3, 'name': 'Success To Team'}}",3939979,3563,794,26386,,
99d5f235-3e8a-4e81-a1e7-aee89fe24f86,1121,1,00:27:18.343,27,18,50/50,54,Mexico,From Corner,Venezuela,Jefferson David Savarino Quintero,Center Attacking Midfield,"[45.4, 61.0]",0.0,True,"['2c0256d5-7cab-4a9c-814c-062543119a34', 'eb472471-45b9-4a3e-bbac-0c6e0873747f']","{'outcome': {'id': 1, 'name': 'Lost'}}",3939979,794,3563,13025,,
eb472471-45b9-4a3e-bbac-0c6e0873747f,1122,1,00:27:18.343,27,18,50/50,54,Mexico,From Corner,Mexico,César Jasib Montes Castro,Right Center Back,"[74.7, 19.1]",0.0,True,['99d5f235-3e8a-4e81-a1e7-aee89fe24f86'],"{'outcome': {'id': 4, 'name': 'Won'}}",3939979,794,794,26368,,
820e29cf-5205-46a2-a6e0-4be7f028dc47,1203,1,00:28:41.715,28,41,50/50,58,Mexico,Regular Play,Mexico,Carlos Uriel Antuna Romero,Right Midfield,"[81.6, 68.6]",0.0,True,['b112c49a-3964-49b0-ab41-357db468db61'],"{'outcome': {'id': 2, 'name': 'Success To Opposition'}}",3939979,794,794,15452,,True
b112c49a-3964-49b0-ab41-357db468db61,1204,1,00:28:41.715,28,41,50/50,58,Mexico,Regular Play,Venezuela,Yeferson Julio Soteldo Martínez,Left Wing,"[38.5, 11.5]",0.0,True,['820e29cf-5205-46a2-a6e0-4be7f028dc47'],"{'outcome': {'id': 1, 'name': 'Lost'}}",3939979,794,3563,25115,,
21d88fa4-3927-475f-8dcf-04674d11269a,2429,2,00:21:38.465,66,38,50/50,125,Mexico,Regular Play,Venezuela,Cristian Sleiker Cásseres Yepes,Right Defensive Midfield,"[50.7, 33.6]",0.568862,True,['f50030c0-aaa9-44a7-8570-00eccdc89100'],"{'outcome': {'id': 1, 'name': 'Lost'}}",3939979,794,3563,13493,,
f50030c0-aaa9-44a7-8570-00eccdc89100,2430,2,00:21:38.465,66,38,50/50,125,Mexico,Regular Play,Mexico,Luis Francisco Romo Barrón,Center Defensive Midfield,"[69.4, 46.5]",0.0,True,['21d88fa4-3927-475f-8dcf-04674d11269a'],"{'outcome': {'id': 3, 'name': 'Success To Team'}}",3939979,794,794,26386,True,
db1edd22-7dfb-4d2d-9ccb-b013e648a2fc,1089,1,00:34:55.392,34,55,50/50,61,Canada,From Free Kick,Canada,Stephen Antunes Eustáquio,Left Defensive Midfield,"[28.3, 52.6]",0.0,True,['a83fd4da-689e-4f9c-a899-abb74e53ecae'],"{'outcome': {'id': 2, 'name': 'Success To Opposition'}}",3939978,1833,1833,11187,,
a83fd4da-689e-4f9c-a899-abb74e53ecae,1090,1,00:34:55.392,34,55,50/50,61,Canada,From Free Kick,Peru,Piero Aldair Quispe Córdova,Left Center Midfield,"[91.8, 27.5]",0.0,True,['db1edd22-7dfb-4d2d-9ccb-b013e648a2fc'],"{'outcome': {'id': 1, 'name': 'Lost'}}",3939978,1833,784,101509,,
084a88f3-553e-436d-86b0-ce5a5b40731b,1171,1,00:37:13.047,37,13,50/50,67,Canada,From Counter,Peru,Wilder José Cartagena Mendoza,Center Defensive Midfield,"[55.3, 32.1]",0.0,True,"['75c72c3c-305e-460f-9e0f-e044ec218760', 'e6113fd4-957a-445e-b060-ac1fb2ee6eea']","{'outcome': {'id': 1, 'name': 'Lost'}}",3939978,1833,784,6313,True,
e6113fd4-957a-445e-b060-ac1fb2ee6eea,1172,1,00:37:13.047,37,13,50/50,67,Canada,From Counter,Canada,Jonathan David,Center Attacking Midfield,"[64.8, 48.0]",0.0,True,['084a88f3-553e-436d-86b0-ce5a5b40731b'],"{'outcome': {'id': 4, 'name': 'Won'}}",3939978,1833,1833,23640,,
ce8b8f39-7445-467f-9468-a82bd5499d61,482,1,00:10:35.672,10,35,50/50,14,Argentina,From Throw In,Chile,Mauricio Aníbal Isla Isla,Right Back,"[22.2, 65.0]",0.33151,True,['9a21d832-2f47-42cc-9f4d-ed0400876b7c'],"{'outcome': {'id': 1, 'name': 'Lost'}}",3939977,779,3562,18874,,
9a21d832-2f47-42cc-9f4d-ed0400876b7c,483,1,00:10:35.672,10,35,50/50,14,Argentina,From Throw In,Argentina,Nicolás Alejandro Tagliafico,Left Back,"[97.9, 15.1]",0.0,True,['ce8b8f39-7445-467f-9468-a82bd5499d61'],"{'outcome': {'id': 2, 'name': 'Success To Opposition'}}",3939977,779,779,5507,,True
aa1fb3de-cef0-4544-84a6-5add6a0e8538,1205,1,00:29:25.577,29,25,50/50,48,Argentina,From Throw In,Chile,Erick Antonio Pulgar Farfán,Right Defensive Midfield,"[55.0, 28.2]",0.0,True,['0c47d38e-294a-4e8a-a7af-ea9ad3495946'],"{'outcome': {'id': 1, 'name': 'Lost'}}",3939977,779,3562,7175,,
0c47d38e-294a-4e8a-a7af-ea9ad3495946,1206,1,00:29:25.577,29,25,50/50,48,Argentina,From Throw In,Argentina,Enzo Fernandez,Left Defensive Midfield,"[65.1, 51.9]",0.0,True,['aa1fb3de-cef0-4544-84a6-5add6a0e8538'],"{'outcome': {'id': 3, 'name': 'Success To Team'}}",3939977,779,779,38718,True,
a14f1410-92cd-486c-ac49-c5ee36273e27,1604,1,00:37:05.652,37,5,50/50,65,Chile,From Free Kick,Argentina,Julián Álvarez,Left Center Forward,"[63.8, 32.4]",0.0,True,['a8fa19ca-4229-47d4-bb96-324e3b4ede76'],"{'outcome': {'id': 1, 'name': 'Lost'}}",3939977,3562,779,29560,,
a8fa19ca-4229-47d4-bb96-324e3b4ede76,1605,1,00:37:05.652,37,5,50/50,65,Chile,From Free Kick,Chile,Igor Lichnovsky Osorio,Right Center Back,"[56.3, 47.7]",0.0,True,['a14f1410-92cd-486c-ac49-c5ee36273e27'],"{'outcome': {'id': 3, 'name': 'Success To Team'}}",3939977,3562,3562,26256,True,
309032b3-7689-42a3-81f5-24dadc035e92,1742,1,00:40:28.849,40,28,50/50,71,Argentina,Regular Play,Chile,Eduardo Jesús Vargas Rojas,Center Forward,"[31.3, 64.8]",2.04973,True,['fe3c16df-fb49-4a22-ada9-c85665971d77'],"{'outcome': {'id': 1, 'name': 'Lost'}}",3939977,779,3562,27317,,
fe3c16df-fb49-4a22-ada9-c85665971d77,1743,1,00:40:28.849,40,28,50/50,71,Argentina,Regular Play,Argentina,Alexis Mac Allister,Right Defensive Midfield,"[88.8, 15.3]",0.0,True,['309032b3-7689-42a3-81f5-24dadc035e92'],"{'outcome': {'id': 3, 'name': 'Success To Team'}}",3939977,779,779,27886,True,
1ad8f580-3531-4bba-bc63-0175c66af261,3627,2,00:49:26.190,94,26,50/50,176,Chile,From Throw In,Argentina,Alexis Mac Allister,Left Defensive Midfield,"[30.3, 20.1]",0.0,True,['3aab08cf-e3fd-431e-964b-e7ffa808a5dd'],"{'outcome': {'id': 2, 'name': 'Success To Opposition'}}",3939977,3562,779,27886,,
3aab08cf-e3fd-431e-964b-e7ffa808a5dd,3628,2,00:49:26.190,94,26,50/50,176,Chile,From Throw In,Chile,Rodrigo Eduardo Echeverría Sáez,Left Defensive Midfield,"[89.8, 60.0]",0.195169,True,['1ad8f580-3531-4bba-bc63-0175c66af261'],"{'outcome': {'id': 1, 'name': 'Lost'}}",3939977,3562,3562,35738,,
6ae11ed2-2d2f-43f6-a713-d8af9efa71be,950,1,00:20:54.706,20,54,50/50,33,Costa Rica,From Throw In,Costa Rica,Ariel Lassiter,Left Wing Back,"[95.4, 30.3]",0.0,True,['1b620255-31c4-4ae5-92f1-44af85ff628c'],"{'outcome': {'id': 1, 'name': 'Lost'}}",3939976,795,795,19101,,
1b620255-31c4-4ae5-92f1-44af85ff628c,951,1,00:20:54.706,20,54,50/50,33,Costa Rica,From Throw In,Brazil,Danilo Luiz da Silva,Right Back,"[24.7, 49.8]",0.0,True,['6ae11ed2-2d2f-43f6-a713-d8af9efa71be'],"{'outcome': {'id': 2, 'name': 'Success To Opposition'}}",3939976,795,781,3063,,
e6fc4c5f-1cb7-4232-8320-47a5f0c9b650,1103,1,00:24:34.889,24,34,50/50,40,Brazil,From Counter,Costa Rica,Francisco Javier Calvo Quesada,Left Center Back,"[7.6, 23.0]",0.0,True,"['261faae4-0cb5-4af9-9eb5-9d57091aee99', '3f0c1c17-a88a-4f17-9ef4-1af74b9498f5']","{'outcome': {'id': 1, 'name': 'Lost'}}",3939976,781,795,5600,,
3f0c1c17-a88a-4f17-9ef4-1af74b9498f5,1104,1,00:24:34.889,24,34,50/50,40,Brazil,From Counter,Brazil,Raphael Dias Belloli,Right Wing,"[112.5, 57.1]",0.0,True,['e6fc4c5f-1cb7-4232-8320-47a5f0c9b650'],"{'outcome': {'id': 4, 'name': 'Won'}}",3939976,781,781,10595,,
593a3c0a-f9ed-447a-919d-459eba136dd7,1971,2,00:02:14.048,47,14,50/50,73,Brazil,Regular Play,Costa Rica,Brandon Aguilera Zamora,Left Center Midfield,"[30.3, 24.9]",0.0,True,['43cd639b-8d93-49ff-91a6-ad013c43eef4'],"{'outcome': {'id': 2, 'name': 'Success To Opposition'}}",3939976,781,795,108340,,
43cd639b-8d93-49ff-91a6-ad013c43eef4,1972,2,00:02:14.048,47,14,50/50,73,Brazil,Regular Play,Brazil,Lucas Tolentino Coelho de Lima,Center Attacking Midfield,"[89.8, 55.2]",0.0,True,['593a3c0a-f9ed-447a-919d-459eba136dd7'],"{'outcome': {'id': 1, 'name': 'Lost'}}",3939976,781,781,22600,,
dcd6222d-7bfe-40ac-836c-038ed49f1ba7,2606,2,00:19:45.812,64,45,50/50,100,Costa Rica,Regular Play,Brazil,Vinícius José Paixão de Oliveira Júnior,Left Wing,"[93.8, 20.6]",0.0,True,['294ed15b-f0a8-4a37-9e77-f926a2f4bc54'],"{'outcome': {'id': 1, 'name': 'Lost'}}",3939976,795,781,18395,True,
294ed15b-f0a8-4a37-9e77-f926a2f4bc54,2607,2,00:19:45.812,64,45,50/50,100,Costa Rica,Regular Play,Costa Rica,Haxzel Quirós Cruz,Right Wing Back,"[26.3, 59.5]",0.0,True,['dcd6222d-7bfe-40ac-836c-038ed49f1ba7'],"{'outcome': {'id': 3, 'name': 'Success To Team'}}",3939976,795,795,132510,True,
cb2632b0-7cea-42e2-adc2-152fd2cee102,350,1,00:08:29.183,8,29,50/50,22,Colombia,Regular Play,Colombia,Richard Rios Montoya,Right Center Midfield,"[68.9, 65.0]",0.0,True,"['479d60af-da1f-4d53-a303-250955d78ab2', '7a889f0f-5fea-4ebc-b148-5668f9997abb']","{'outcome': {'id': 1, 'name': 'Lost'}}",3939975,769,769,49395,,
7a889f0f-5fea-4ebc-b148-5668f9997abb,351,1,00:08:29.183,8,29,50/50,23,Paraguay,Regular Play,Paraguay,Adrián Andrés Cubas,Center Defensive Midfield,"[51.2, 15.1]",0.0,True,['cb2632b0-7cea-42e2-adc2-152fd2cee102'],"{'outcome': {'id': 4, 'name': 'Won'}}",3939975,3567,3567,28657,True,
37e49126-f2a6-4323-816f-b301aa37302c,1098,1,00:34:55.911,34,55,50/50,56,Colombia,Regular Play,Colombia,Johan Andrés Mojica Palacio,Left Back,"[104.9, 27.3]",0.0,True,['1ed4bbf4-5519-4e4d-8baf-b86fbbb51654'],"{'outcome': {'id': 1, 'name': 'Lost'}}",3939975,769,769,5691,,
1ed4bbf4-5519-4e4d-8baf-b86fbbb51654,1099,1,00:34:55.911,34,55,50/50,56,Colombia,Regular Play,Paraguay,Adrián Andrés Cubas,Center Defensive Midfield,"[15.2, 52.8]",0.0,True,['37e49126-f2a6-4323-816f-b301aa37302c'],"{'outcome': {'id': 3, 'name': 'Success To Team'}}",3939975,769,3567,28657,,
ccf28035-3861-470e-ba5c-3b2524c3acc9,1131,1,00:35:19.356,35,19,50/50,56,Colombia,Regular Play,Colombia,Johan Andrés Mojica Palacio,Left Back,"[98.0, 9.4]",0.0,True,"['28336ea3-aa88-40d0-aa1a-72e5e394376c', 'b38e42f8-9b1e-412b-b750-eea8e4870d45']","{'outcome': {'id': 1, 'name': 'Lost'}}",3939975,769,769,5691,,
28336ea3-aa88-40d0-aa1a-72e5e394376c,1132,1,00:35:19.356,35,19,50/50,57,Paraguay,Regular Play,Paraguay,Víctor Gustavo Velázquez Ramos,Right Back,"[22.1, 70.7]",0.0,True,['ccf28035-3861-470e-ba5c-3b2524c3acc9'],"{'outcome': {'id': 4, 'name': 'Won'}}",3939975,3567,3567,28943,True,
829b3f58-16a6-4897-9543-4b6f0a433bb8,2087,2,00:16:07.907,61,7,50/50,120,Colombia,From Goal Kick,Colombia,Johan Andrés Mojica Palacio,Left Back,"[16.5, 3.8]",0.0,True,"['8813a64e-1dd0-49cd-a097-6d8cc585c46b', 'aad52ab4-76a2-4317-ac2b-4573a8aeaced']","{'outcome': {'id': 1, 'name': 'Lost'}}",3939975,769,769,5691,,
aad52ab4-76a2-4317-ac2b-4573a8aeaced,2088,2,00:16:07.907,61,7,50/50,121,Paraguay,Regular Play,Paraguay,Julio César Enciso Espínola,Right Wing,"[103.6, 76.3]",0.0,True,['829b3f58-16a6-4897-9543-4b6f0a433bb8'],"{'outcome': {'id': 4, 'name': 'Won'}}",3939975,3567,3567,47112,True,
966b0711-bc15-4557-b246-a46520781dcc,2647,2,00:35:36.934,80,36,50/50,154,Colombia,From Throw In,Colombia,Jhon Andrés Córdoba Copete,Right Center Forward,"[92.2, 73.3]",0.0,True,"['2688bbb7-ceb7-4a3e-8889-65cde637ab91', 'ee9b4f89-29ff-4275-b9a6-89eaf792df0b']","{'outcome': {'id': 1, 'name': 'Lost'}}",3939975,769,769,8817,,
2688bbb7-ceb7-4a3e-8889-65cde637ab91,2648,2,00:35:36.934,80,36,50/50,154,Colombia,From Throw In,Paraguay,Damián Josué Bobadilla Benítez,Left Defensive Midfield,"[27.9, 6.8]",0.0,True,['966b0711-bc15-4557-b246-a46520781dcc'],"{'outcome': {'id': 4, 'name': 'Won'}}",3939975,769,3567,87449,,
d748fe49-679d-42f8-824f-c6a700f3f9d7,2720,2,00:38:27.858,83,27,50/50,159,Colombia,From Free Kick,Paraguay,Damián Josué Bobadilla Benítez,Left Defensive Midfield,"[42.1, 38.1]",0.0,True,"['2ae8db5e-7a84-4607-a9e1-664dbbdf3721', '43027ac8-b452-46fe-bd3f-4e4d5bf15bb0']","{'outcome': {'id': 1, 'name': 'Lost'}}",3939975,769,3567,87449,,
43027ac8-b452-46fe-bd3f-4e4d5bf15bb0,2721,2,00:38:27.858,83,27,50/50,159,Colombia,From Free Kick,Colombia,James David Rodríguez Rubio,Center Attacking Midfield,"[78.0, 42.0]",0.0,True,['d748fe49-679d-42f8-824f-c6a700f3f9d7'],"{'outcome': {'id': 4, 'name': 'Won'}}",3939975,769,769,5695,True,
174f6877-8837-40f6-a2e5-bc40dc9b5df4,2895,2,00:48:58.364,93,58,50/50,173,Paraguay,Regular Play,Paraguay,Matías Nicolás Rojas Romero,Center Attacking Midfield,"[86.3, 52.2]",0.0,True,['d5459552-2b20-4b65-9f83-b1a6d41d6924'],"{'outcome': {'id': 1, 'name': 'Lost'}}",3939975,3567,3567,27767,,
d5459552-2b20-4b65-9f83-b1a6d41d6924,2896,2,00:48:58.364,93,58,50/50,173,Paraguay,Regular Play,Colombia,Davinson Sánchez Mina,Left Center Back,"[33.8, 27.9]",0.0,True,['174f6877-8837-40f6-a2e5-bc40dc9b5df4'],"{'outcome': {'id': 3, 'name': 'Success To Team'}}",3939975,3567,769,3494,,
b5936bbe-0dfd-4560-bf76-2257ead78d81,2903,2,00:49:02.216,94,2,50/50,173,Paraguay,Regular Play,Paraguay,Fabián Cornelio Balbuena González,Right Center Back,"[79.3, 54.7]",0.0,True,['85d8c56b-413e-494a-afe8-f25d7259c4b3'],"{'outcome': {'id': 1, 'name': 'Lost'}}",3939975,3567,3567,10290,True,
85d8c56b-413e-494a-afe8-f25d7259c4b3,2904,2,00:49:02.216,94,2,50/50,173,Paraguay,Regular Play,Colombia,Kevin Duvan Castaño Gil,Left Center Midfield,"[40.8, 25.4]",0.0,True,['b5936bbe-0dfd-4560-bf76-2257ead78d81'],"{'outcome': {'id': 3, 'name': 'Success To Team'}}",3939975,3567,769,60138,,
53507dae-5237-4bfb-8e39-2894aa674d42,2905,2,00:49:05.211,94,5,50/50,173,Paraguay,Regular Play,Colombia,Johan Andrés Mojica Palacio,Left Back,"[45.6, 2.5]",0.0,True,['b35035e5-4cad-4e27-a11f-d622b3b8758b'],"{'outcome': {'id': 2, 'name': 'Success To Opposition'}}",3939975,3567,769,5691,,True
b35035e5-4cad-4e27-a11f-d622b3b8758b,2906,2,00:49:05.211,94,5,50/50,173,Paraguay,Regular Play,Paraguay,Matías Nicolás Rojas Romero,Center Attacking Midfield,"[74.5, 77.6]",0.0,True,['53507dae-5237-4bfb-8e39-2894aa674d42'],"{'outcome': {'id': 1, 'name': 'Lost'}}",3939975,3567,3567,27767,True,
19bf1ff3-94fb-4746-a052-e0fea0283644,553,1,00:13:10.575,13,10,50/50,30,Bolivia,From Throw In,Bolivia,Fernando Javier Saucedo Pereyra,Right Center Midfield,"[86.6, 53.7]",0.0,True,['baa8fac4-8f4d-43d8-bad8-a67ce950fcf1'],"{'outcome': {'id': 1, 'name': 'Lost'}}",3939974,3564,3564,113715,,
baa8fac4-8f4d-43d8-bad8-a67ce950fcf1,554,1,00:13:10.575,13,10,50/50,30,Bolivia,From Throw In,United States,Giovanni Reyna,Left Center Midfield,"[33.5, 26.4]",0.0,True,['19bf1ff3-94fb-4746-a052-e0fea0283644'],"{'outcome': {'id': 3, 'name': 'Success To Team'}}",3939974,3564,1839,34339,,
d8ccde28-f8fe-48ed-8b50-539188fdce09,1247,1,00:33:37.314,33,37,50/50,63,United States,From Throw In,United States,Joseph Scally,Right Back,"[32.1, 77.6]",0.0,True,['eb0dd4e2-7988-441b-b7f4-e9d9b18202da'],"{'outcome': {'id': 2, 'name': 'Success To Opposition'}}",3939974,1839,1839,36830,,True
eb0dd4e2-7988-441b-b7f4-e9d9b18202da,1248,1,00:33:37.314,33,37,50/50,63,United States,From Throw In,Bolivia,Gabriel Alejandro Villamíl Cortéz,Left Center Midfield,"[88.0, 2.5]",0.0,True,['d8ccde28-f8fe-48ed-8b50-539188fdce09'],"{'outcome': {'id': 1, 'name': 'Lost'}}",3939974,1839,3564,113732,,
7ea006d6-0353-4b73-83b0-3662e4789441,1668,1,00:44:32.167,44,32,50/50,87,Bolivia,From Kick Off,Bolivia,Fernando Javier Saucedo Pereyra,Right Center Midfield,"[82.4, 43.1]",0.0,True,['5eb4f582-7399-498d-865e-e133add03431'],"{'outcome': {'id': 1, 'name': 'Lost'}}",3939974,3564,3564,113715,,
5eb4f582-7399-498d-865e-e133add03431,1669,1,00:44:32.167,44,32,50/50,87,Bolivia,From Kick Off,United States,Giovanni Reyna,Left Center Midfield,"[37.7, 37.0]",0.0,True,['7ea006d6-0353-4b73-83b0-3662e4789441'],"{'outcome': {'id': 3, 'name': 'Success To Team'}}",3939974,3564,1839,34339,,
0f8e615b-5f36-4d48-9b4f-22ee7d7a4cb0,2565,2,00:24:06.733,69,6,50/50,129,United States,Regular Play,United States,Joseph Scally,Right Back,"[101.1, 59.9]",0.0,True,['de5ee72a-1f9b-4f79-8908-13dc0d5b1d7b'],"{'outcome': {'id': 2, 'name': 'Success To Opposition'}}",3939974,1839,1839,36830,,True
de5ee72a-1f9b-4f79-8908-13dc0d5b1d7b,2566,2,00:24:06.733,69,6,50/50,129,United States,Regular Play,Bolivia,Roberto Carlos Fernández Toro,Left Wing,"[19.0, 20.2]",0.0,True,['0f8e615b-5f36-4d48-9b4f-22ee7d7a4cb0'],"{'outcome': {'id': 1, 'name': 'Lost'}}",3939974,1839,3564,47055,,
b8bc994f-d316-42a3-bed1-3b3f719f9ed8,2696,2,00:27:13.602,72,13,50/50,133,United States,From Throw In,United States,Weston McKennie,Left Center Midfield,"[97.8, 17.8]",0.0,True,"['0a1ebfc9-8c73-4f5f-84cb-8c689f3280b0', 'ba813314-0787-4891-a9f0-e0a98a9f4234']","{'outcome': {'id': 1, 'name': 'Lost'}}",3939974,1839,1839,8526,,
0a1ebfc9-8c73-4f5f-84cb-8c689f3280b0,2697,2,00:27:13.602,72,13,50/50,133,United States,From Throw In,Bolivia,Héctor Manuel Cuellar Rosales,Right Back,"[22.3, 62.3]",0.0,True,['b8bc994f-d316-42a3-bed1-3b3f719f9ed8'],"{'outcome': {'id': 4, 'name': 'Won'}}",3939974,1839,3564,398489,,
a401e2d3-500d-45e9-b2e5-d410d54a2d25,2900,2,00:34:59.312,79,59,50/50,145,United States,Regular Play,United States,Tim Ream,Left Center Back,"[61.6, 18.0]",0.0,True,"['2c28c0b2-84c2-4e56-a699-4fe290177bed', 'f8a99693-9a36-4c49-b844-ef6c91719180']","{'outcome': {'id': 1, 'name': 'Lost'}}",3939974,1839,1839,18242,,
f8a99693-9a36-4c49-b844-ef6c91719180,2901,2,00:34:59.312,79,59,50/50,146,Bolivia,Regular Play,Bolivia,Ramiro Vaca Ponce,Center Attacking Midfield,"[58.5, 62.1]",0.0,True,['a401e2d3-500d-45e9-b2e5-d410d54a2d25'],"{'outcome': {'id': 4, 'name': 'Won'}}",3939974,3564,3564,113995,True,
3938924a-2640-4ae8-9b00-d306cac728de,281,1,00:07:14.384,7,14,50/50,18,Venezuela,Regular Play,Ecuador,Moisés Isaac Caicedo Corozo,Right Defensive Midfield,"[47.8, 30.9]",0.0,True,"['41caf836-a951-4557-bcc3-6b56fa848eb8', '5fdf3739-d6ed-4055-9cc3-5ab778b814cb']","{'outcome': {'id': 1, 'name': 'Lost'}}",3939972,3563,3565,37726,,
5fdf3739-d6ed-4055-9cc3-5ab778b814cb,282,1,00:07:14.384,7,14,50/50,18,Venezuela,Regular Play,Venezuela,José Andrés Martínez Torres,Right Defensive Midfield,"[72.3, 49.2]",0.0,True,['3938924a-2640-4ae8-9b00-d306cac728de'],"{'outcome': {'id': 3, 'name': 'Success To Team'}}",3939972,3563,3563,36917,,
1ba86520-437c-4115-8c6d-b28e54175b05,871,1,00:25:43.735,25,43,50/50,44,Venezuela,Regular Play,Ecuador,Angelo Smit Preciado Quiñónez,Right Back,"[19.6, 75.9]",0.0,True,"['0a90a879-2036-40c5-89e7-3f1e8af373ab', 'e147cc57-36a7-4bc1-9160-aa7b9ab92bcf']","{'outcome': {'id': 1, 'name': 'Lost'}}",3939972,3563,3565,37737,,
0a90a879-2036-40c5-89e7-3f1e8af373ab,872,1,00:25:43.735,25,43,50/50,44,Venezuela,Regular Play,Venezuela,Yeferson Julio Soteldo Martínez,Left Wing,"[100.5, 4.2]",0.0,True,['1ba86520-437c-4115-8c6d-b28e54175b05'],"{'outcome': {'id': 4, 'name': 'Won'}}",3939972,3563,3563,25115,,
223b174a-a4fb-43d2-a601-7aa20a518add,933,1,00:28:37.320,28,37,50/50,50,Venezuela,Regular Play,Ecuador,Jeremy Leonel Sarmiento Morante,Left Wing,"[47.7, 23.1]",0.0,True,"['57a60cd3-4d94-4625-a8c3-19e67e415f80', 'bf83e201-35a8-4216-b938-07f14de98f23']","{'outcome': {'id': 1, 'name': 'Lost'}}",3939972,3563,3565,40211,,
bf83e201-35a8-4216-b938-07f14de98f23,934,1,00:28:37.320,28,37,50/50,50,Venezuela,Regular Play,Venezuela,Yangel Clemente Herrera Ravelo,Left Defensive Midfield,"[72.4, 57.0]",0.0,True,['223b174a-a4fb-43d2-a601-7aa20a518add'],"{'outcome': {'id': 4, 'name': 'Won'}}",3939972,3563,3563,16249,,
32625d98-521a-4c6c-be2d-e56bb2a24067,1748,2,00:07:11.545,52,11,50/50,97,Venezuela,From Corner,Venezuela,Yordan Hernando Osorio Paredes,Left Center Back,"[99.1, 51.5]",0.0,True,"['63521e59-4eea-4500-b71f-c5582ff2d90d', '769a1f4a-4eca-4ace-861d-33c5246f48ff']","{'outcome': {'id': 1, 'name': 'Lost'}}",3939972,3563,3563,10337,,
769a1f4a-4eca-4ace-861d-33c5246f48ff,1749,2,00:07:11.545,52,11,50/50,98,Ecuador,Regular Play,Ecuador,Kevin José Rodríguez Cortez,Center Forward,"[21.0, 28.6]",0.0,True,['32625d98-521a-4c6c-be2d-e56bb2a24067'],"{'outcome': {'id': 4, 'name': 'Won'}}",3939972,3565,3565,348757,,
630078d2-2ac4-4118-9404-09228fe63069,90,1,00:01:37.539,1,37,50/50,6,Mexico,From Corner,Jamaica,Di'Shon Bernard,Right Center Back,"[14.8, 67.3]",0.0,True,['7b09779d-2e50-43f0-bb36-ad7616d2b76b'],"{'outcome': {'id': 1, 'name': 'Lost'}}",3939971,794,2305,33145,,
7b09779d-2e50-43f0-bb36-ad7616d2b76b,91,1,00:01:37.539,1,37,50/50,6,Mexico,From Corner,Mexico,Johan Felipe Vásquez Ibarra,Left Center Back,"[105.3, 12.8]",0.0,True,['630078d2-2ac4-4118-9404-09228fe63069'],"{'outcome': {'id': 2, 'name': 'Success To Opposition'}}",3939971,794,794,26336,,True
29cac9fb-3810-4e4c-bac1-9e430f31bb62,948,1,00:30:27.890,30,27,50/50,56,Jamaica,Regular Play,Jamaica,Bobby Armani De Cordova-Reid,Right Defensive Midfield,"[63.0, 69.3]",0.0,True,['92030367-1f0b-4468-ad24-5bd13e862469'],"{'outcome': {'id': 1, 'name': 'Lost'}}",3939971,2305,2305,9923,,
92030367-1f0b-4468-ad24-5bd13e862469,949,1,00:30:27.890,30,27,50/50,56,Jamaica,Regular Play,Mexico,Julián Andrés Quiñones Quiñones,Left Wing,"[57.1, 10.8]",0.0,True,['29cac9fb-3810-4e4c-bac1-9e430f31bb62'],"{'outcome': {'id': 3, 'name': 'Success To Team'}}",3939971,2305,794,35375,,
6d98b978-218b-4b40-8e7b-5a72aac81eab,1939,2,00:07:03.329,52,3,50/50,106,Mexico,From Free Kick,Jamaica,Kasey Palmer,Left Defensive Midfield,"[37.3, 8.0]",0.0,True,['9768ac8b-7125-4b2f-afaf-0b61dbf7f3d2'],"{'outcome': {'id': 1, 'name': 'Lost'}}",3939971,794,2305,3317,,
9768ac8b-7125-4b2f-afaf-0b61dbf7f3d2,1940,2,00:07:03.329,52,3,50/50,106,Mexico,From Free Kick,Mexico,Jorge Eduardo Sánchez Ramos,Right Back,"[82.8, 72.1]",0.0,True,['6d98b978-218b-4b40-8e7b-5a72aac81eab'],"{'outcome': {'id': 3, 'name': 'Success To Team'}}",3939971,794,794,26406,True,
a951c8e9-b0c4-45b9-b53f-a0cc429c6e46,1995,2,00:08:12.927,53,12,50/50,110,Jamaica,Regular Play,Mexico,Jorge Eduardo Sánchez Ramos,Right Back,"[70.3, 70.0]",0.0,True,"['8305a21f-f329-409c-af34-80ff33605297', 'b41f5b71-81eb-4327-bf81-b17cdd99f464']","{'outcome': {'id': 1, 'name': 'Lost'}}",3939971,2305,794,26406,,
8305a21f-f329-409c-af34-80ff33605297,1996,2,00:08:12.927,53,12,50/50,110,Jamaica,Regular Play,Jamaica,Ethan Pinnock,Left Center Back,"[49.8, 10.1]",0.0,True,['a951c8e9-b0c4-45b9-b53f-a0cc429c6e46'],"{'outcome': {'id': 4, 'name': 'Won'}}",3939971,2305,2305,4610,,
0c392764-42d1-4125-8611-d90f2da04fbd,2036,2,00:09:06.405,54,6,50/50,112,Mexico,From Keeper,Jamaica,Gregory Leigh,Left Wing Back,"[46.3, 3.3]",0.0,True,"['5e17dd59-6e29-454d-a656-2568177745c1', 'b8c6d867-b36a-493e-a3b1-38d576b271b6']","{'outcome': {'id': 1, 'name': 'Lost'}}",3939971,794,2305,3159,,
b8c6d867-b36a-493e-a3b1-38d576b271b6,2037,2,00:09:06.405,54,6,50/50,112,Mexico,From Keeper,Mexico,Carlos Uriel Antuna Romero,Right Wing,"[73.8, 76.8]",0.0,True,['0c392764-42d1-4125-8611-d90f2da04fbd'],"{'outcome': {'id': 4, 'name': 'Won'}}",3939971,794,794,15452,,
4728b750-1a5a-4747-9979-94a370188a2d,819,1,00:23:53.337,23,53,50/50,50,Chile,Regular Play,Peru,Alexander Martín Marquinho Callens Asín,Left Center Back,"[27.7, 26.0]",0.0,True,['3beb9e3f-1d20-4799-b1e0-3a98c9a62ec4'],"{'outcome': {'id': 1, 'name': 'Lost'}}",3939970,3562,784,15481,,
3beb9e3f-1d20-4799-b1e0-3a98c9a62ec4,820,1,00:23:53.337,23,53,50/50,50,Chile,Regular Play,Chile,Víctor Alejandro Dávila Zavala,Right Wing,"[92.4, 54.1]",0.0,True,['4728b750-1a5a-4747-9979-94a370188a2d'],"{'outcome': {'id': 3, 'name': 'Success To Team'}}",3939970,3562,3562,30944,,
92725d48-bce4-4b0a-a071-31d2cdb5ffa1,2306,2,00:05:59.445,50,59,50/50,87,Argentina,From Throw In,Argentina,Lionel Andrés Messi Cuccittini,Right Center Forward,"[88.6, 77.7]",0.0,True,['8fe26984-35b5-4e2b-9cbe-83326741af47'],"{'outcome': {'id': 1, 'name': 'Lost'}}",3939969,779,779,5503,,
8fe26984-35b5-4e2b-9cbe-83326741af47,2307,2,00:05:59.445,50,59,50/50,87,Argentina,From Throw In,Canada,Liam Millar,Left Midfield,"[31.5, 2.4]",0.0,True,['92725d48-bce4-4b0a-a071-31d2cdb5ffa1'],"{'outcome': {'id': 2, 'name': 'Success To Opposition'}}",3939969,779,1833,23363,,True
68d0524f-6510-4fc7-933d-601ec19443fc,2605,2,00:12:47.602,57,47,50/50,102,Canada,Regular Play,Canada,Ismael Koné,Right Defensive Midfield,"[50.5, 20.5]",0.0,True,['54bd0caa-8e47-498b-be70-5d9248344bb8'],"{'outcome': {'id': 1, 'name': 'Lost'}}",3939969,1833,1833,133229,,
38c74872-b126-4541-be36-90efa712c7cf,2629,2,00:13:07.889,58,7,50/50,102,Canada,Regular Play,Canada,Liam Millar,Left Midfield,"[57.7, 16.0]",0.0,True,"['127cdf48-dc70-489a-8273-e88e38a52976', '1ad7df40-552f-4637-b19a-a54e46e06581', '45b6b9e2-5f8d-4996-ada9-71927cb9e619']","{'outcome': {'id': 1, 'name': 'Lost'}}",3939969,1833,1833,23363,,
127cdf48-dc70-489a-8273-e88e38a52976,2630,2,00:13:07.889,58,7,50/50,102,Canada,Regular Play,Argentina,Nahuel Molina Lucero,Right Back,"[62.4, 64.1]",0.0,True,['38c74872-b126-4541-be36-90efa712c7cf'],"{'outcome': {'id': 4, 'name': 'Won'}}",3939969,1833,779,29201,,
